1,0,0.707106781,0.707106781
0.999,0.044710178,0.738014544,0.674784804
0.998,0.063213923,0.750391561,0.660993574
0.997,0.07740155,0.759716622,0.6502543
0.996,0.089353232,0.76746063,0.641096078
0.995,0.099874922,0.774193482,0.632949013
0.994,0.109380071,0.780207531,0.62552075
0.993,0.118114351,0.785676493,0.618637575
0.992,0.126237871,0.790713581,0.612186273
0.991,0.133861869,0.795397456,0.606088185
0.99,0.14106736,0.7997854,0.600286027
0.989,0.147915516,0.803920671,0.594736542
0.988,0.154453877,0.807836883,0.589406116
0.987,0.160720254,0.811560774,0.584268012
0.986,0.166745315,0.815114029,0.579300543
0.985,0.172554339,0.818514523,0.574485836
0.984,0.17816846,0.821777199,0.569808947
0.983,0.183605555,0.824914699,0.565257233
0.982,0.188880915,0.827937835,0.560819883
0.981,0.194007732,0.830855935,0.55648757
0.98,0.198997487,0.833677118,0.552252173
0.979,0.203860246,0.836408501,0.548106576
0.978,0.20860489,0.839056364,0.5440445
0.977,0.213239302,0.841626282,0.540060369
0.976,0.217770521,0.844123231,0.536149206
0.975,0.22220486,0.846551675,0.532306548
0.974,0.226548008,0.848915638,0.528528372
0.973,0.230805113,0.851218758,0.524811038
0.972,0.23498085,0.853464344,0.521151239
0.971,0.239079485,0.855655409,0.51754596
0.97,0.243104916,0.857794712,0.513992443
0.969,0.247060721,0.859884782,0.51048816
0.968,0.250950194,0.861927948,0.50703078
0.967,0.254776373,0.863926358,0.503618157
0.966,0.258542066,0.865881999,0.500248302
0.965,0.262249881,0.867796713,0.496919375
0.964,0.265902238,0.869672212,0.493629662
0.963,0.269501391,0.871510092,0.490377569
0.962,0.273049446,0.873311838,0.487161609
0.961,0.276548368,0.875078843,0.48398039
0.96,0.28,0.876812409,0.480832611
0.959,0.283406069,0.878513756,0.47771705
0.958,0.286768199,0.880184035,0.474632558
0.957,0.290087918,0.881824323,0.471578056
0.956,0.293366665,0.883435641,0.468552525
0.955,0.296605799,0.885018948,0.465555004
0.954,0.299806604,0.886575152,0.462584586
0.953,0.302970296,0.888105113,0.459640412
0.952,0.306098024,0.889609644,0.456721668
0.951,0.30919088,0.891089517,0.453827581
0.95,0.3122499,0.892545464,0.45095742
0.949,0.31527607,0.893978182,0.448110489
0.948,0.318270325,0.895388334,0.445286123
0.947,0.32123356,0.89677655,0.442483693
0.946,0.324166624,0.898143433,0.439702597
0.945,0.327070329,0.899489556,0.436942261
0.944,0.32994545,0.900815467,0.434202136
0.943,0.332792728,0.90212169,0.4314817
0.942,0.335612872,0.903408726,0.42878045
0.941,0.33840656,0.904677055,0.426097908
0.94,0.341174442,0.905927136,0.423433613
0.939,0.343917141,0.90715941,0.420787125
0.938,0.346635255,0.9083743,0.418158021
0.937,0.349329357,0.909572212,0.415545896
0.936,0.352,0.910753534,0.41295036
0.935,0.354647713,0.911918643,0.410371038
0.934,0.357273005,0.913067898,0.407807569
0.933,0.359876368,0.914201647,0.405259607
0.932,0.362458273,0.915320223,0.402726817
0.931,0.365019178,0.916423949,0.400208878
0.93,0.367559519,0.917513135,0.397705478
0.929,0.370079721,0.91858808,0.395216319
0.928,0.372580193,0.919649074,0.392741112
0.927,0.375061328,0.920696395,0.390279578
0.926,0.377523509,0.921730313,0.387831446
0.925,0.379967104,0.922751088,0.385396457
0.924,0.382392469,0.923758973,0.382974358
0.923,0.384799948,0.924754212,0.380564906
0.922,0.387189876,0.925737039,0.378167865
0.921,0.389562575,0.926707684,0.375783007
0.92,0.391918359,0.927666368,0.373410109
0.919,0.39425753,0.928613305,0.371048959
0.918,0.396580383,0.929548703,0.368699347
0.917,0.398887202,0.930472764,0.366361073
0.916,0.401178265,0.931385683,0.36403394
0.915,0.403453839,0.93228765,0.36171776
0.914,0.405714185,0.93317885,0.359412346
0.913,0.407959557,0.93405946,0.357117522
0.912,0.4101902,0.934929656,0.354833113
0.911,0.412406353,0.935789606,0.352558949
0.91,0.414608249,0.936639475,0.350294867
0.909,0.416796113,0.937479422,0.348040706
0.908,0.418970166,0.938309603,0.345796312
0.907,0.421130621,0.939130168,0.343561533
0.906,0.423277687,0.939941266,0.341336221
0.905,0.425411565,0.94074304,0.339120234
0.904,0.427532455,0.941535628,0.336913432
0.903,0.429640547,0.942319168,0.334715679
0.902,0.43173603,0.943093791,0.332526842
0.901,0.433819087,0.943859628,0.330346792
0.9,0.435889894,0.944616803,0.328175403
0.899,0.437948627,0.94536544,0.326012552
0.898,0.439995455,0.946105659,0.32385812
0.897,0.442030542,0.946837576,0.321711989
0.896,0.444054051,0.947561306,0.319574045
0.895,0.446066139,0.948276961,0.317444178
0.894,0.448066959,0.948984648,0.315322277
0.893,0.450056663,0.949684474,0.313208237
0.892,0.452035397,0.950376543,0.311101954
0.891,0.454003304,0.951060957,0.309003327
0.89,0.455960525,0.951737814,0.306912256
0.889,0.457907196,0.952407212,0.304828645
0.888,0.459843452,0.953069245,0.302752399
0.887,0.461769423,0.953724005,0.300683425
0.886,0.463685238,0.954371584,0.298621632
0.885,0.465591022,0.95501207,0.296566932
0.884,0.467486898,0.95564555,0.294519239
0.883,0.469372986,0.956272109,0.292478466
0.882,0.471249403,0.95689183,0.290444532
0.881,0.473116265,0.957504793,0.288417355
0.88,0.474973683,0.95811108,0.286396855
0.879,0.47682177,0.958710767,0.284382954
0.878,0.478660631,0.959303932,0.282375576
0.877,0.480490375,0.959890649,0.280374645
0.876,0.482311103,0.960470992,0.278380089
0.875,0.484122918,0.961045032,0.276391835
0.874,0.48592592,0.96161284,0.274409813
0.873,0.487720207,0.962174485,0.272433955
0.872,0.489505873,0.962730036,0.270464191
0.871,0.491283014,0.963279557,0.268500456
0.87,0.493051721,0.963823115,0.266542684
0.869,0.494812086,0.964360774,0.264590812
0.868,0.496564195,0.964892596,0.262644776
0.867,0.498308138,0.965418643,0.260704516
0.866,0.500043998,0.965938974,0.258769971
0.865,0.501771861,0.966453651,0.256841081
0.864,0.503491807,0.96696273,0.254917788
0.863,0.505203919,0.967466269,0.253000035
0.862,0.506908276,0.967964325,0.251087766
0.861,0.508604955,0.968456951,0.249180926
0.86,0.510294033,0.968944203,0.247279461
0.859,0.511975585,0.969426133,0.245383317
0.858,0.513649686,0.969902794,0.243492442
0.857,0.515316408,0.970374238,0.241606785
0.856,0.516975821,0.970840514,0.239726296
0.855,0.518627998,0.971301672,0.237850924
0.854,0.520273005,0.971757761,0.235980621
0.853,0.521910912,0.972208829,0.234115339
0.852,0.523541784,0.972654924,0.232255032
0.851,0.525165688,0.97309609,0.230399651
0.85,0.526782688,0.973532375,0.228549153
0.849,0.528392846,0.973963822,0.226703492
0.848,0.529996226,0.974390476,0.224862625
0.847,0.531592889,0.974812381,0.223026507
0.846,0.533182895,0.975229578,0.221195096
0.845,0.534766304,0.97564211,0.21936835
0.844,0.536343174,0.976050019,0.217546228
0.843,0.537913562,0.976453344,0.215728689
0.842,0.539477525,0.976852126,0.213915694
0.841,0.541035119,0.977246404,0.212107201
0.84,0.542586399,0.977636218,0.210303174
0.839,0.544131418,0.978021605,0.208503574
0.838,0.54567023,0.978402603,0.206708363
0.837,0.547202887,0.978779248,0.204917503
0.836,0.548729442,0.979151578,0.20313096
0.835,0.550249943,0.979519628,0.201348696
0.834,0.551764442,0.979883434,0.199570677
0.833,0.553272989,0.980243031,0.197796867
0.832,0.55477563,0.980598452,0.196027232
0.831,0.556272415,0.980949732,0.194261738
0.83,0.557763391,0.981296904,0.192500353
0.829,0.559248603,0.981640001,0.190743042
0.828,0.560728098,0.981979055,0.188989774
0.827,0.562201921,0.982314099,0.187240517
0.826,0.563670116,0.982645163,0.18549524
0.825,0.565132728,0.982972279,0.18375391
0.824,0.566589799,0.983295477,0.182016499
0.823,0.568041372,0.983614787,0.180282975
0.822,0.569487489,0.983930239,0.178553309
0.821,0.570928192,0.984241863,0.176827471
0.82,0.572363521,0.984549687,0.175105434
0.819,0.573793517,0.984853741,0.173387167
0.818,0.575218219,0.985154051,0.171672643
0.817,0.576637668,0.985450645,0.169961835
0.816,0.578051901,0.985743552,0.168254715
0.815,0.579460956,0.986032798,0.166551255
0.814,0.580864872,0.98631841,0.16485143
0.813,0.582263686,0.986600414,0.163155212
0.812,0.583657434,0.986878836,0.161462577
0.811,0.585046152,0.987153701,0.159773498
0.81,0.586429876,0.987425035,0.15808795
0.809,0.587808642,0.987692863,0.156405909
0.808,0.589182484,0.987957209,0.154727349
0.807,0.590551437,0.988218098,0.153052247
0.806,0.591915535,0.988475554,0.151380577
0.805,0.59327481,0.9887296,0.149712318
0.804,0.594629296,0.98898026,0.148047444
0.803,0.595979026,0.989227556,0.146385934
0.802,0.597324033,0.989471513,0.144727764
0.801,0.598664347,0.989712151,0.143072913
0.8,0.6,0.989949494,0.141421356
0.799,0.601331024,0.990183563,0.139773074
0.798,0.602657448,0.99041438,0.138128043
0.797,0.603979304,0.990641966,0.136486243
0.796,0.605296622,0.990866344,0.134847652
0.795,0.60660943,0.991087532,0.13321225
0.794,0.607917758,0.991305553,0.131580015
0.793,0.609221635,0.991520427,0.129950928
0.792,0.610521089,0.991732173,0.128324969
0.791,0.611816149,0.991940812,0.126702116
0.79,0.613106842,0.992146363,0.125082351
0.789,0.614393197,0.992348846,0.123465655
0.788,0.615675239,0.99254828,0.121852007
0.787,0.616952997,0.992744684,0.120241389
0.786,0.618226496,0.992938077,0.118633783
0.785,0.619495763,0.993128478,0.117029169
0.784,0.620760824,0.993315904,0.115427529
0.783,0.622021704,0.993500374,0.113828845
0.782,0.623278429,0.993681907,0.112233099
0.781,0.624531024,0.993860518,0.110640274
0.78,0.625779514,0.994036227,0.109050352
0.779,0.627023923,0.99420905,0.107463315
0.778,0.628264276,0.994379005,0.105879146
0.777,0.629500596,0.994546109,0.104297829
0.776,0.630732907,0.994710378,0.102719347
0.775,0.631961233,0.994871829,0.101143682
0.774,0.633185597,0.995030478,0.099570819
0.773,0.634406021,0.995186342,0.098000742
0.772,0.635622529,0.995339436,0.096433434
0.771,0.636835144,0.995489777,0.09486888
0.77,0.638043886,0.99563738,0.093307063
0.769,0.639248778,0.99578226,0.091747969
0.768,0.640449842,0.995924434,0.090191582
0.767,0.641647099,0.996063916,0.088637886
0.766,0.642840571,0.996200722,0.087086867
0.765,0.644030279,0.996334865,0.08553851
0.764,0.645216243,0.996466361,0.0839928
0.763,0.646398484,0.996595225,0.082449723
0.762,0.647577022,0.996721471,0.080909263
0.761,0.648751879,0.996845113,0.079371408
0.76,0.649923072,0.996966165,0.077836142
0.759,0.651090623,0.997084642,0.076303452
0.758,0.652254552,0.997200557,0.074773324
0.757,0.653414876,0.997313923,0.073245744
0.756,0.654571616,0.997424755,0.071720698
0.755,0.65572479,0.997533065,0.070198174
0.754,0.656874417,0.997638868,0.068678158
0.753,0.658020516,0.997742176,0.067160637
0.752,0.659163106,0.997843001,0.065645597
0.751,0.660302204,0.997941358,0.064133027
0.75,0.661437828,0.998037259,0.062622913
0.749,0.662569996,0.998130717,0.061115242
0.748,0.663698727,0.998221743,0.059610002
0.747,0.664824037,0.99831035,0.058107181
0.746,0.665945944,0.998396551,0.056606766
0.745,0.667064465,0.998480358,0.055108746
0.744,0.668179617,0.998561783,0.053613107
0.743,0.669291416,0.998640838,0.052119839
0.742,0.670399881,0.998717533,0.05062893
0.741,0.671505026,0.998791882,0.049140367
0.74,0.672606869,0.998863896,0.04765414
0.739,0.673705425,0.998933586,0.046170237
0.738,0.674800711,0.999000963,0.044688646
0.737,0.675892743,0.99906604,0.043209356
0.736,0.676981536,0.999128826,0.041732356
0.735,0.678067106,0.999189333,0.040257636
0.734,0.679149468,0.999247572,0.038785183
0.733,0.680228638,0.999303553,0.037314988
0.732,0.681304631,0.999357288,0.035847039
0.731,0.682377462,0.999408787,0.034381327
0.73,0.683447145,0.999458061,0.032917839
0.729,0.684513696,0.99950512,0.031456567
0.728,0.685577129,0.999549974,0.0299975
0.727,0.686637459,0.999592633,0.028540626
0.726,0.6876947,0.999633109,0.027085938
0.725,0.688748866,0.99967141,0.025633423
0.724,0.689799971,0.999707547,0.024183072
0.723,0.69084803,0.999741529,0.022734876
0.722,0.691893055,0.999773367,0.021288825
0.721,0.692935062,0.99980307,0.019844908
0.72,0.693974063,0.999830648,0.018403117
0.719,0.695010072,0.99985611,0.016963441
0.718,0.696043102,0.999879466,0.015525871
0.717,0.697073167,0.999900725,0.014090399
0.716,0.698100279,0.999919897,0.012657014
0.715,0.699124452,0.99993699,0.011225707
0.714,0.700145699,0.999952013,0.00979647
0.713,0.701164032,0.999964977,0.008369293
0.712,0.702179464,0.999975889,0.006944167
0.711,0.703192008,0.999984759,0.005521084
0.71,0.704201676,0.999991595,0.004100034
0.709,0.70520848,0.999996406,0.00268101
0.708,0.706212433,0.999999201,0.001264001
0.707,0.707213546,0.999999989,-0.000151
0.706,0.708211833,0.999998777,-0.001564002
0.705,0.709207304,0.999995575,-0.002975013
0.704,0.710199972,0.99999039,-0.004384042
0.703,0.711189848,0.999983231,-0.005791097
0.702,0.712176944,0.999974107,-0.007196186
0.701,0.713161272,0.999963025,-0.008599318
0.7,0.714142843,0.999949994,-0.0100005
0.699,0.715121668,0.999935021,-0.011399741
0.698,0.716097759,0.999918114,-0.012797048
0.697,0.717071126,0.999899282,-0.014192429
0.696,0.718041782,0.999878533,-0.015585893
0.695,0.719009736,0.999855873,-0.016977447
0.694,0.719975,0.999831311,-0.018367098
0.693,0.720937584,0.999804854,-0.019754855
0.692,0.7218975,0.99977651,-0.021140725
0.691,0.722854757,0.999746286,-0.022524715
0.69,0.723809367,0.999714191,-0.023906833
0.689,0.72476134,0.999680231,-0.025287086
0.688,0.725710686,0.999644413,-0.026665482
0.687,0.726657416,0.999606745,-0.028042028
0.686,0.727601539,0.999567234,-0.029416731
0.685,0.728543067,0.999525888,-0.030789598
0.684,0.729482008,0.999482713,-0.032160636
0.683,0.730418373,0.999437716,-0.033529853
0.682,0.731352172,0.999390905,-0.034897256
0.681,0.732283415,0.999342287,-0.036262851
0.68,0.733212111,0.999291867,-0.037626645
0.679,0.73413827,0.999239654,-0.038988645
0.678,0.735061902,0.999185653,-0.040348858
0.677,0.735983016,0.999129872,-0.041707291
0.676,0.736901622,0.999072318,-0.04306395
0.675,0.737817728,0.999012996,-0.044418842
0.674,0.738731345,0.998951914,-0.045771973
0.673,0.739642481,0.998889078,-0.04712335
0.672,0.740551146,0.998824494,-0.04847298
0.671,0.741457349,0.998758169,-0.049820869
0.67,0.742361098,0.99869011,-0.051167023
0.669,0.743262403,0.998620322,-0.052511449
0.668,0.744161273,0.998548812,-0.053854152
0.667,0.745057716,0.998475586,-0.05519514
0.666,0.745951741,0.998400651,-0.056534418
0.665,0.746843357,0.998324012,-0.057871993
0.664,0.747732573,0.998245675,-0.05920787
0.663,0.748619396,0.998165647,-0.060542055
0.662,0.749503836,0.998083934,-0.061874556
0.661,0.750385901,0.998000541,-0.063205377
0.66,0.751265599,0.997915475,-0.064534524
0.659,0.752142939,0.997828741,-0.065862003
0.658,0.753017928,0.997740345,-0.067187821
0.657,0.753890576,0.997650294,-0.068511983
0.656,0.754760889,0.997558591,-0.069834495
0.655,0.755628877,0.997465245,-0.071155361
0.654,0.756494547,0.997370259,-0.072474589
0.653,0.757357907,0.99727364,-0.073792184
0.652,0.758218966,0.997175394,-0.075108151
0.651,0.75907773,0.997075525,-0.076422496
0.65,0.759934208,0.996974039,-0.077735224
0.649,0.760788407,0.996870943,-0.079046341
0.648,0.761640335,0.99676624,-0.080355852
0.647,0.76249,0.996659937,-0.081663762
0.646,0.763337409,0.996552039,-0.082970078
0.645,0.76418257,0.996442551,-0.084274803
0.644,0.76502549,0.996331479,-0.085577945
0.643,0.765866176,0.996218827,-0.086879506
0.642,0.766704637,0.996104601,-0.088179494
0.641,0.767540878,0.995988807,-0.089477913
0.64,0.768374908,0.995871448,-0.090774768
0.639,0.769206734,0.995752531,-0.092070065
0.638,0.770036363,0.99563206,-0.093363807
0.637,0.770863801,0.995510041,-0.094656002
0.636,0.771689057,0.995386478,-0.095946652
0.635,0.772512136,0.995261376,-0.097235764
0.634,0.773333046,0.99513474,-0.098523342
0.633,0.774151794,0.995006576,-0.099809391
0.632,0.774968386,0.994876887,-0.101093916
0.631,0.77578283,0.994745679,-0.102376921
0.63,0.776595133,0.994612957,-0.103658412
0.629,0.7774053,0.994478725,-0.104938394
0.628,0.778213338,0.994342987,-0.10621687
0.627,0.779019255,0.99420575,-0.107493846
0.626,0.779823057,0.994067017,-0.108769327
0.625,0.78062475,0.993926792,-0.110043316
0.624,0.781424341,0.993785082,-0.111315819
0.623,0.782221836,0.993641889,-0.11258684
0.622,0.783017241,0.993497219,-0.113856383
0.621,0.783810564,0.993351076,-0.115124454
0.62,0.78460181,0.993203465,-0.116391056
0.619,0.785390985,0.993054389,-0.117656194
0.618,0.786178097,0.992903854,-0.118919873
0.617,0.78696315,0.992751864,-0.120182096
0.616,0.787746152,0.992598423,-0.121442869
0.615,0.788527108,0.992443536,-0.122702195
0.614,0.789306024,0.992287206,-0.123960079
0.613,0.790082907,0.992129438,-0.125216524
0.612,0.790857762,0.991970237,-0.126471537
0.611,0.791630596,0.991809606,-0.127725119
0.61,0.792401413,0.991647549,-0.128977276
0.609,0.793170221,0.991484072,-0.130228012
0.608,0.793937025,0.991319177,-0.131477331
0.607,0.794701831,0.99115287,-0.132725237
0.606,0.795464644,0.990985153,-0.133971735
0.605,0.796225471,0.990816032,-0.135216827
0.604,0.796984316,0.99064551,-0.136460519
0.603,0.797741186,0.990473591,-0.137702813
0.602,0.798496086,0.99030028,-0.138943715
0.601,0.799249023,0.990125579,-0.140183228
0.6,0.8,0.989949494,-0.141421356
0.599,0.800749024,0.989772027,-0.142658103
0.598,0.801496101,0.989593183,-0.143893473
0.597,0.802241236,0.989412966,-0.145127469
0.596,0.802984433,0.98923138,-0.146360096
0.595,0.803725699,0.989048427,-0.147591358
0.594,0.80446504,0.988864113,-0.148821257
0.593,0.805202459,0.98867844,-0.150049798
0.592,0.805937963,0.988491413,-0.151276984
0.591,0.806671556,0.988303035,-0.15250282
0.59,0.807403245,0.988113311,-0.153727309
0.589,0.808133034,0.987922242,-0.154950454
0.588,0.808860927,0.987729834,-0.15617226
0.587,0.809586932,0.98753609,-0.157392729
0.586,0.810311051,0.987341013,-0.158611866
0.585,0.811033292,0.987144607,-0.159829673
0.584,0.811753657,0.986946876,-0.161046155
0.583,0.812472153,0.986747823,-0.162261316
0.582,0.813188785,0.986547451,-0.163475158
0.581,0.813903557,0.986345764,-0.164687684
0.58,0.814616474,0.986142766,-0.1658989
0.579,0.815327542,0.98593846,-0.167108807
0.578,0.816036764,0.985732849,-0.16831741
0.577,0.816744146,0.985525937,-0.169524711
0.576,0.817449693,0.985317727,-0.170730715
0.575,0.818153409,0.985108222,-0.171935424
0.574,0.818855299,0.984897427,-0.173138842
0.573,0.819555367,0.984685343,-0.174340972
0.572,0.820253619,0.984471975,-0.175541818
0.571,0.820950059,0.984257326,-0.176741382
0.57,0.821644692,0.984041399,-0.177939668
0.569,0.822337522,0.983824197,-0.17913668
0.568,0.823028554,0.983605723,-0.18033242
0.567,0.823717791,0.983385981,-0.181526891
0.566,0.82440524,0.983164974,-0.182720098
0.565,0.825090904,0.982942705,-0.183912042
0.564,0.825774788,0.982719177,-0.185102728
0.563,0.826456895,0.982494393,-0.186292157
0.562,0.827137232,0.982268357,-0.187480334
0.561,0.827815801,0.982041071,-0.188667262
0.56,0.828492607,0.981812538,-0.189852943
0.559,0.829167655,0.981582762,-0.191037381
0.558,0.829840949,0.981351746,-0.192220578
0.557,0.830512492,0.981119492,-0.193402538
0.556,0.83118229,0.980886004,-0.194583264
0.555,0.831850347,0.980651285,-0.195762758
0.554,0.832516666,0.980415337,-0.196941024
0.553,0.833181253,0.980178164,-0.198118064
0.552,0.83384411,0.979939768,-0.199293882
0.551,0.834505243,0.979700152,-0.20046848
0.55,0.835164654,0.97945932,-0.201641861
0.549,0.83582235,0.979217274,-0.202814028
0.548,0.836478332,0.978974017,-0.203984985
0.547,0.837132606,0.978729552,-0.205154733
0.546,0.837785175,0.978483881,-0.206323276
0.545,0.838436044,0.978237008,-0.207490617
0.544,0.839085216,0.977988935,-0.208656757
0.543,0.839732696,0.977739666,-0.209821701
0.542,0.840378486,0.977489202,-0.210985451
0.541,0.841022592,0.977237546,-0.212148009
0.54,0.841665017,0.976984702,-0.213309379
0.539,0.842305764,0.976730673,-0.214469562
0.538,0.842944838,0.976475459,-0.215628563
0.537,0.843582243,0.976219066,-0.216786383
0.536,0.844217981,0.975961494,-0.217943025
0.535,0.844852058,0.975702747,-0.219098491
0.534,0.845484476,0.975442828,-0.220252786
0.533,0.84611524,0.975181739,-0.22140591
0.532,0.846744353,0.974919482,-0.222557867
0.531,0.847371819,0.97465606,-0.223708659
0.53,0.847997642,0.974391477,-0.224858289
0.529,0.848621824,0.974125734,-0.226006759
0.528,0.84924437,0.973858833,-0.227154072
0.527,0.849865283,0.973590779,-0.228300231
0.526,0.850484568,0.973321572,-0.229445238
0.525,0.851102227,0.973051216,-0.230589096
0.524,0.851718263,0.972779713,-0.231731806
0.523,0.852332682,0.972507065,-0.232873372
0.522,0.852945485,0.972233276,-0.234013796
0.521,0.853556677,0.971958347,-0.235153081
0.52,0.85416626,0.971682281,-0.236291229
0.519,0.854774239,0.97140508,-0.237428241
0.518,0.855380617,0.971126747,-0.238564122
0.517,0.855985397,0.970847285,-0.239698873
0.516,0.856588583,0.970566695,-0.240832496
0.515,0.857190177,0.970284979,-0.241964995
0.514,0.857790184,0.970002142,-0.243096371
0.513,0.858388607,0.969718183,-0.244226626
0.512,0.858985448,0.969433107,-0.245355763
0.511,0.859580712,0.969146915,-0.246483785
0.51,0.860174401,0.96885961,-0.247610693
0.509,0.860766519,0.968571194,-0.248736491
0.508,0.861357069,0.968281669,-0.24986118
0.507,0.861946054,0.967991038,-0.250984762
0.506,0.862533478,0.967699302,-0.25210724
0.505,0.863119343,0.967406465,-0.253228616
0.504,0.863703653,0.967112528,-0.254348892
0.503,0.864286411,0.966817493,-0.255468071
0.502,0.86486762,0.966521363,-0.256586155
0.501,0.865447283,0.96622414,-0.257703145
0.5,0.866025404,0.965925826,-0.258819045
0.499,0.866601985,0.965626424,-0.259933856
0.498,0.867177029,0.965325935,-0.261047581
0.497,0.86775054,0.965024362,-0.262160221
0.496,0.868322521,0.964721706,-0.263271779
0.495,0.868892974,0.964417971,-0.264382257
0.494,0.869461903,0.964113157,-0.265491657
0.493,0.87002931,0.963807268,-0.266599982
0.492,0.870595199,0.963500305,-0.267707232
0.491,0.871159572,0.96319227,-0.268813411
0.49,0.871722433,0.962883166,-0.269918521
0.489,0.872283784,0.962572995,-0.271022563
0.488,0.872843629,0.962261758,-0.272125539
0.487,0.873401969,0.961949458,-0.273227453
0.486,0.873958809,0.961636096,-0.274328305
0.485,0.874514151,0.961321675,-0.275428097
0.484,0.875067997,0.961006197,-0.276526833
0.483,0.875620352,0.960689664,-0.277624513
0.482,0.876171216,0.960372077,-0.27872114
0.481,0.876720594,0.960053439,-0.279816715
0.48,0.877268488,0.959733752,-0.280911242
0.479,0.877814901,0.959413017,-0.282004721
0.478,0.878359835,0.959091237,-0.283097154
0.477,0.878903294,0.958768414,-0.284188544
0.476,0.87944528,0.958444549,-0.285278893
0.475,0.879985795,0.958119644,-0.286368202
0.474,0.880524843,0.957793702,-0.287456474
0.473,0.881062427,0.957466724,-0.288543709
0.472,0.881598548,0.957138712,-0.289629911
0.471,0.88213321,0.956809669,-0.290715081
0.47,0.882666415,0.956479595,-0.29179922
0.469,0.883198166,0.956148493,-0.292882332
0.468,0.883728465,0.955816364,-0.293964417
0.467,0.884257315,0.955483211,-0.295045477
0.466,0.88478472,0.955149035,-0.296125515
0.465,0.88531068,0.954813838,-0.297204532
0.464,0.885835199,0.954477623,-0.29828253
0.463,0.88635828,0.95414039,-0.29935951
0.462,0.886879924,0.953802141,-0.300435476
0.461,0.887400135,0.953462879,-0.301510427
0.46,0.887918915,0.953122605,-0.302584367
0.459,0.888436267,0.952781321,-0.303657296
0.458,0.888952192,0.952439029,-0.304729217
0.457,0.889466694,0.95209573,-0.305800132
0.456,0.889979775,0.951751426,-0.306870042
0.455,0.890491437,0.951406119,-0.307938949
0.454,0.891001684,0.951059811,-0.309006854
0.453,0.891510516,0.950712503,-0.310073759
0.452,0.892017937,0.950364197,-0.311139667
0.451,0.892523949,0.950014895,-0.312204579
0.45,0.893028555,0.949664599,-0.313268495
0.449,0.893531757,0.949313309,-0.31433142
0.448,0.894033556,0.948961028,-0.315393352
0.447,0.894533957,0.948607758,-0.316454296
0.446,0.89503296,0.9482535,-0.317514251
0.445,0.895530569,0.947898256,-0.31857322
0.444,0.896026785,0.947542027,-0.319631205
0.443,0.896521612,0.947184815,-0.320688207
0.442,0.89701505,0.946826622,-0.321744227
0.441,0.897507103,0.946467449,-0.322799268
0.44,0.897997773,0.946107298,-0.323853331
0.439,0.898487062,0.945746171,-0.324906417
0.438,0.898974972,0.945384069,-0.325958529
0.437,0.899461506,0.945020993,-0.327009667
0.436,0.899946665,0.944656946,-0.328059833
0.435,0.900430453,0.944291929,-0.329109029
0.434,0.90091287,0.943925943,-0.330157257
0.433,0.901393921,0.94355899,-0.331204517
0.432,0.901873605,0.943191072,-0.332250813
0.431,0.902351927,0.942822189,-0.333296144
0.43,0.902828887,0.942452344,-0.334340513
0.429,0.903304489,0.942081539,-0.335383921
0.428,0.903778734,0.941709774,-0.336426369
0.427,0.904251624,0.941337051,-0.33746786
0.426,0.904723162,0.940963372,-0.338508394
0.425,0.90519335,0.940588738,-0.339547974
0.424,0.905662189,0.94021315,-0.3405866
0.423,0.906129682,0.939836611,-0.341624274
0.422,0.906595831,0.939459121,-0.342660998
0.421,0.907060637,0.939080683,-0.343696773
0.42,0.907524104,0.938701296,-0.3447316
0.419,0.907986233,0.938320964,-0.345765482
0.418,0.908447027,0.937939687,-0.346798418
0.417,0.908906486,0.937557467,-0.347830412
0.416,0.909364613,0.937174306,-0.348861464
0.415,0.909821411,0.936790204,-0.349891575
0.414,0.910276881,0.936405163,-0.350920748
0.413,0.910731025,0.936019184,-0.351948983
0.412,0.911183845,0.93563227,-0.352976282
0.411,0.911635344,0.935244421,-0.354002646
0.41,0.912085522,0.934855638,-0.355028078
0.409,0.912534383,0.934465924,-0.356052577
0.408,0.912981928,0.934075279,-0.357076145
0.407,0.913428158,0.933683705,-0.358098785
0.406,0.913873077,0.933291203,-0.359120496
0.405,0.914316685,0.932897774,-0.360141282
0.404,0.914758985,0.932503421,-0.361161142
0.403,0.915199978,0.932108144,-0.362180078
0.402,0.915639667,0.931711944,-0.363198092
0.401,0.916078053,0.931314823,-0.364215184
0.4,0.916515139,0.930916782,-0.365231357
0.399,0.916950926,0.930517823,-0.366246612
0.398,0.917385415,0.930117947,-0.367260949
0.397,0.91781861,0.929717155,-0.368274371
0.396,0.91825051,0.929315448,-0.369286877
0.395,0.91868112,0.928912828,-0.370298471
0.394,0.91911044,0.928509296,-0.371309153
0.393,0.919538471,0.928104854,-0.372318924
0.392,0.919965217,0.927699501,-0.373327785
0.391,0.920390678,0.927293241,-0.374335738
0.39,0.920814857,0.926886074,-0.375342785
0.389,0.921237754,0.926478001,-0.376348925
0.388,0.921659373,0.926069024,-0.377354162
0.387,0.922079715,0.925659143,-0.378358495
0.386,0.92249878,0.925248361,-0.379361926
0.385,0.922916573,0.924836678,-0.380364456
0.384,0.923333093,0.924424095,-0.381366087
0.383,0.923748342,0.924010614,-0.38236682
0.382,0.924162323,0.923596236,-0.383366655
0.381,0.924575038,0.923180962,-0.384365595
0.38,0.924986486,0.922764794,-0.38536364
0.379,0.925396672,0.922347732,-0.386360792
0.378,0.925805595,0.921929778,-0.387357051
0.377,0.926213258,0.921510932,-0.388352419
0.376,0.926619663,0.921091197,-0.389346898
0.375,0.927024811,0.920670573,-0.390340487
0.374,0.927428703,0.920249061,-0.391333189
0.373,0.927831342,0.919826663,-0.392325005
0.372,0.928232729,0.91940338,-0.393315935
0.371,0.928632866,0.918979213,-0.394305981
0.37,0.929031754,0.918554162,-0.395295144
0.369,0.929429395,0.91812823,-0.396283425
0.368,0.92982579,0.917701417,-0.397270826
0.367,0.930220941,0.917273724,-0.398257347
0.366,0.930614851,0.916845153,-0.39924299
0.365,0.931007519,0.916415705,-0.400227755
0.364,0.931398948,0.91598538,-0.401211644
0.363,0.931789139,0.915554181,-0.402194657
0.362,0.932178095,0.915122107,-0.403176797
0.361,0.932565815,0.91468916,-0.404158064
0.36,0.932952303,0.914255341,-0.405138459
0.359,0.93333756,0.913820652,-0.406117983
0.358,0.933721586,0.913385093,-0.407096637
0.357,0.934104384,0.912948665,-0.408074423
0.356,0.934485955,0.91251137,-0.409051342
0.355,0.934866301,0.912073208,-0.410027393
0.354,0.935245422,0.911634181,-0.41100258
0.353,0.935623322,0.911194289,-0.411976902
0.352,0.936,0.910753534,-0.41295036
0.351,0.936375459,0.910311917,-0.413922957
0.35,0.9367497,0.909869438,-0.414894692
0.349,0.937122724,0.9094261,-0.415865566
0.348,0.937494533,0.908981902,-0.416835582
0.347,0.937865129,0.908536846,-0.417804739
0.346,0.938234512,0.908090932,-0.41877304
0.345,0.938602685,0.907644163,-0.419740484
0.344,0.938969648,0.907196538,-0.420707073
0.343,0.939335403,0.906748059,-0.421672808
0.342,0.939699952,0.906298728,-0.422637689
0.341,0.940063296,0.905848544,-0.423601719
0.34,0.940425436,0.905397508,-0.424564897
0.339,0.940786373,0.904945623,-0.425527225
0.338,0.94114611,0.904492888,-0.426488704
0.337,0.941504647,0.904039306,-0.427449335
0.336,0.941861986,0.903584875,-0.428409119
0.335,0.942218128,0.903129599,-0.429368056
0.334,0.942573074,0.902673477,-0.430326148
0.333,0.942926826,0.902216511,-0.431283395
0.332,0.943279386,0.901758702,-0.432239799
0.331,0.943630754,0.90130005,-0.433195361
0.33,0.943980932,0.900840556,-0.434150081
0.329,0.944329921,0.900380222,-0.43510396
0.328,0.944677723,0.899919048,-0.436057
0.327,0.945024338,0.899457035,-0.437009201
0.326,0.945369769,0.898994185,-0.437960564
0.325,0.945714016,0.898530498,-0.43891109
0.324,0.946057081,0.898065974,-0.43986078
0.323,0.946398964,0.897600616,-0.440809635
0.322,0.946739669,0.897134423,-0.441757656
0.321,0.947079194,0.896667397,-0.442704844
0.32,0.947417543,0.896199539,-0.443651199
0.319,0.947754715,0.895730849,-0.444596723
0.318,0.948090713,0.895261329,-0.445541416
0.317,0.948425537,0.894790979,-0.446485279
0.316,0.94875919,0.8943198,-0.447428314
0.315,0.949091671,0.893847793,-0.44837052
0.314,0.949422983,0.893374959,-0.4493119
0.313,0.949753126,0.892901298,-0.450252453
0.312,0.950082102,0.892426813,-0.451192181
0.311,0.950409912,0.891951502,-0.452131084
0.31,0.950736557,0.891475368,-0.453069164
0.309,0.951062038,0.890998412,-0.454006421
0.308,0.951386357,0.890520633,-0.454942856
0.307,0.951709515,0.890042033,-0.45587847
0.306,0.952031512,0.889562613,-0.456813263
0.305,0.952352351,0.889082374,-0.457747237
0.304,0.952672032,0.888601315,-0.458680392
0.303,0.952990556,0.888119439,-0.45961273
0.302,0.953307925,0.887636746,-0.46054425
0.301,0.95362414,0.887153237,-0.461474955
0.3,0.953939201,0.886668913,-0.462404844
0.299,0.954253111,0.886183773,-0.463333918
0.298,0.95456587,0.88569782,-0.464262179
0.297,0.954877479,0.885211055,-0.465189627
0.296,0.95518794,0.884723477,-0.466116262
0.295,0.955497253,0.884235087,-0.467042086
0.294,0.95580542,0.883745887,-0.4679671
0.293,0.956112441,0.883255878,-0.468891304
0.292,0.956418319,0.882765059,-0.469814699
0.291,0.956723053,0.882273432,-0.470737285
0.29,0.957026645,0.881780997,-0.471659064
0.289,0.957329097,0.881287756,-0.472580037
0.288,0.957630409,0.880793709,-0.473500203
0.287,0.957930582,0.880298857,-0.474419564
0.286,0.958229618,0.8798032,-0.475338121
0.285,0.958527517,0.87930674,-0.476255874
0.284,0.95882428,0.878809476,-0.477172825
0.283,0.959119909,0.878311411,-0.478088973
0.282,0.959414405,0.877812544,-0.479004319
0.281,0.959707768,0.877312876,-0.479918865
0.28,0.96,0.876812409,-0.480832611
0.279,0.960291102,0.876311142,-0.481745558
0.278,0.960581074,0.875809077,-0.482657706
0.277,0.960869918,0.875306213,-0.483569057
0.276,0.961157635,0.874802553,-0.48447961
0.275,0.961444226,0.874298097,-0.485389367
0.274,0.961729692,0.873792845,-0.486298329
0.273,0.962014033,0.873286798,-0.487206495
0.272,0.962297251,0.872779956,-0.488113867
0.271,0.962579347,0.872272322,-0.489020446
0.27,0.962860322,0.871763894,-0.489926232
0.269,0.963140177,0.871254674,-0.490831226
0.268,0.963418912,0.870744663,-0.491735428
0.267,0.963696529,0.870233861,-0.49263884
0.266,0.963973029,0.869722269,-0.493541462
0.265,0.964248412,0.869209888,-0.494443294
0.264,0.96452268,0.868696718,-0.495344337
0.263,0.964795833,0.86818276,-0.496244593
0.262,0.965067873,0.867668014,-0.497144061
0.261,0.965338801,0.867152482,-0.498042742
0.26,0.965608616,0.866636164,-0.498940637
0.259,0.965877321,0.86611906,-0.499837747
0.258,0.966144917,0.865601172,-0.500734073
0.257,0.966411403,0.865082499,-0.501629614
0.256,0.966676782,0.864563043,-0.502524371
0.255,0.966941053,0.864042805,-0.503418346
0.254,0.967204218,0.863521784,-0.504311539
0.253,0.967466278,0.862999982,-0.50520395
0.252,0.967727234,0.862477399,-0.506095581
0.251,0.967987087,0.861954035,-0.506986431
0.25,0.968245837,0.861429892,-0.507876502
0.249,0.968503485,0.86090497,-0.508765793
0.248,0.968760032,0.86037927,-0.509654306
0.247,0.96901548,0.859852792,-0.510542042
0.246,0.969269828,0.859325537,-0.511429
0.245,0.969523079,0.858797505,-0.512315182
0.244,0.969775232,0.858268697,-0.513200588
0.243,0.970026288,0.857739114,-0.514085219
0.242,0.970276249,0.857208757,-0.514969074
0.241,0.970525116,0.856677625,-0.515852156
0.24,0.970772888,0.85614572,-0.516734465
0.239,0.971019567,0.855613041,-0.517616
0.238,0.971265154,0.855079591,-0.518496763
0.237,0.97150965,0.854545369,-0.519376754
0.236,0.971753055,0.854010375,-0.520255975
0.235,0.97199537,0.853474611,-0.521134424
0.234,0.972236597,0.852938077,-0.522012104
0.233,0.972476735,0.852400774,-0.522889014
0.232,0.972715786,0.851862702,-0.523765155
0.231,0.97295375,0.851323861,-0.524640528
0.23,0.973190629,0.850784253,-0.525515133
0.229,0.973426422,0.850243877,-0.526388971
0.228,0.973661132,0.849702735,-0.527262043
0.227,0.973894758,0.849160827,-0.528134348
0.226,0.974127302,0.848618153,-0.529005888
0.225,0.974358763,0.848074715,-0.529876663
0.224,0.974589144,0.847530512,-0.530746674
0.223,0.974818445,0.846985545,-0.53161592
0.222,0.975046666,0.846439815,-0.532484404
0.221,0.975273808,0.845893322,-0.533352124
0.22,0.975499872,0.845346066,-0.534219083
0.219,0.975724859,0.844798049,-0.535085279
0.218,0.975948769,0.844249271,-0.535950714
0.217,0.976171604,0.843699732,-0.536815389
0.216,0.976393363,0.843149433,-0.537679304
0.215,0.976614049,0.842598374,-0.538542458
0.214,0.97683366,0.842046557,-0.539404854
0.213,0.977052199,0.84149398,-0.540266491
0.212,0.977269666,0.840940645,-0.54112737
0.211,0.977486061,0.840386553,-0.541987492
0.21,0.977701386,0.839831704,-0.542846856
0.209,0.977915641,0.839276098,-0.543705464
0.208,0.978128826,0.838719736,-0.544563315
0.207,0.978340943,0.838162619,-0.545420411
0.206,0.978551991,0.837604746,-0.546276752
0.205,0.978761973,0.837046118,-0.547132338
0.204,0.978970888,0.836486737,-0.54798717
0.203,0.979178738,0.835926602,-0.548841249
0.202,0.979385522,0.835365714,-0.549694574
0.201,0.979591241,0.834804073,-0.550547146
0.2,0.979795897,0.834241679,-0.551398967
0.199,0.97999949,0.833678534,-0.552250035
0.198,0.98020202,0.833114638,-0.553100353
0.197,0.980403488,0.832549991,-0.553949919
0.196,0.980603896,0.831984593,-0.554798735
0.195,0.980803242,0.831418446,-0.555646801
0.194,0.981001529,0.830851549,-0.556494118
0.193,0.981198757,0.830283903,-0.557340686
0.192,0.981394926,0.829715509,-0.558186505
0.191,0.981590037,0.829146366,-0.559031576
0.19,0.98178409,0.828576476,-0.559875899
0.189,0.981977087,0.828005839,-0.560719476
0.188,0.982169028,0.827434455,-0.561562305
0.187,0.982359914,0.826862325,-0.562404388
0.186,0.982549744,0.826289448,-0.563245726
0.185,0.982738521,0.825715827,-0.564086318
0.184,0.982926243,0.82514146,-0.564926164
0.183,0.983112913,0.824566349,-0.565765267
0.182,0.98329853,0.823990493,-0.566603625
0.181,0.983483096,0.823413894,-0.567441239
0.18,0.98366661,0.822836551,-0.56827811
0.179,0.983849074,0.822258466,-0.569114238
0.178,0.984030487,0.821679638,-0.569949623
0.177,0.984210851,0.821100067,-0.570784267
0.176,0.984390167,0.820519756,-0.571618169
0.175,0.984568433,0.819938702,-0.572451329
0.174,0.984745652,0.819356909,-0.573283749
0.173,0.984921824,0.818774374,-0.574115428
0.172,0.98509695,0.8181911,-0.574946367
0.171,0.985271029,0.817607085,-0.575776566
0.17,0.985444062,0.817022332,-0.576606026
0.169,0.985616051,0.816436839,-0.577434747
0.168,0.985786995,0.815850608,-0.57826273
0.167,0.985956896,0.815263639,-0.579089974
0.166,0.986125753,0.814675932,-0.579916481
0.165,0.986293567,0.814087488,-0.58074225
0.164,0.986460339,0.813498307,-0.581567283
0.163,0.986626069,0.812908389,-0.582391579
0.162,0.986790758,0.812317735,-0.583215138
0.161,0.986954406,0.811726345,-0.584037962
0.16,0.987117014,0.81113422,-0.58486005
0.159,0.987278583,0.810541359,-0.585681403
0.158,0.987439112,0.809947764,-0.586502021
0.157,0.987598603,0.809353434,-0.587321904
0.156,0.987757055,0.80875837,-0.588141054
0.155,0.98791447,0.808162572,-0.58895947
0.154,0.988070848,0.807566041,-0.589777152
0.153,0.988226189,0.806968777,-0.590594102
0.152,0.988380494,0.80637078,-0.591410319
0.151,0.988533763,0.805772051,-0.592225803
0.15,0.988685997,0.80517259,-0.593040556
0.149,0.988837196,0.804572397,-0.593854576
0.148,0.988987361,0.803971473,-0.594667866
0.147,0.989136492,0.803369818,-0.595480424
0.146,0.98928459,0.802767432,-0.596292252
0.145,0.989431655,0.802164316,-0.59710335
0.144,0.989577688,0.80156047,-0.597913717
0.143,0.989722688,0.800955894,-0.598723355
0.142,0.989866658,0.800350589,-0.599532263
0.141,0.990009596,0.799744555,-0.600340443
0.14,0.990151504,0.799137792,-0.601147893
0.139,0.990292381,0.798530301,-0.601954615
0.138,0.990432229,0.797922081,-0.60276061
0.137,0.990571047,0.797313134,-0.603565876
0.136,0.990708837,0.796703459,-0.604370415
0.135,0.990845598,0.796093057,-0.605174226
0.134,0.990981332,0.795481928,-0.605977311
0.133,0.991116038,0.794870073,-0.606779669
0.132,0.991249716,0.794257491,-0.607581301
0.131,0.991382368,0.793644184,-0.608382207
0.13,0.991513994,0.79303015,-0.609182387
0.129,0.991644594,0.792415391,-0.609981842
0.128,0.991774168,0.791799907,-0.610780571
0.127,0.991902717,0.791183699,-0.611578576
0.126,0.992030241,0.790566765,-0.612375856
0.125,0.992156742,0.789949108,-0.613172412
0.124,0.992282218,0.789330726,-0.613968244
0.123,0.992406671,0.788711621,-0.614763352
0.122,0.9925301,0.788091792,-0.615557737
0.121,0.992652507,0.78747124,-0.616351399
0.12,0.992773892,0.786849965,-0.617144337
0.119,0.992894254,0.786227967,-0.617936553
0.118,0.993013595,0.785605247,-0.618728047
0.117,0.993131915,0.784981805,-0.619518818
0.116,0.993249213,0.784357641,-0.620308868
0.115,0.993365492,0.783732755,-0.621098196
0.114,0.99348075,0.783107148,-0.621886802
0.113,0.993594988,0.78248082,-0.622674687
0.112,0.993708207,0.781853771,-0.623461852
0.111,0.993820406,0.781226001,-0.624248296
0.11,0.993931587,0.780597511,-0.625034019
0.109,0.99404175,0.779968301,-0.625819023
0.108,0.994150894,0.779338371,-0.626603306
0.107,0.994259021,0.778707721,-0.62738687
0.106,0.99436613,0.778076352,-0.628169715
0.105,0.994472222,0.777444264,-0.62895184
0.104,0.994577297,0.776811456,-0.629733246
0.103,0.994681356,0.77617793,-0.630513933
0.102,0.994784399,0.775543686,-0.631293902
0.101,0.994886426,0.774908723,-0.632073153
0.1,0.994987437,0.774273042,-0.632851686
0.099,0.995087433,0.773636643,-0.633629501
0.098,0.995186415,0.772999527,-0.634406598
0.097,0.995284381,0.772361693,-0.635182978
0.096,0.995381334,0.771723142,-0.63595864
0.095,0.995477272,0.771083874,-0.636733586
0.094,0.995572197,0.770443889,-0.637507814
0.093,0.995666109,0.769803188,-0.638281327
0.092,0.995759007,0.76916177,-0.639054122
0.091,0.995850892,0.768519636,-0.639826202
0.09,0.995941765,0.767876786,-0.640597566
0.089,0.996031626,0.767233221,-0.641368213
0.088,0.996120475,0.766588939,-0.642138146
0.087,0.996208312,0.765943943,-0.642907363
0.086,0.996295137,0.765298231,-0.643675864
0.085,0.996380951,0.764651804,-0.644443651
0.084,0.996465755,0.764004662,-0.645210723
0.083,0.996549547,0.763356805,-0.64597708
0.082,0.996632329,0.762708235,-0.646742722
0.081,0.996714101,0.762058949,-0.647507651
0.08,0.996794864,0.76140895,-0.648271865
0.079,0.996874616,0.760758237,-0.649035365
0.078,0.996953359,0.76010681,-0.649798152
0.077,0.997031093,0.759454669,-0.650560225
0.076,0.997107818,0.758801815,-0.651321584
0.075,0.997183534,0.758148247,-0.65208223
0.074,0.997258241,0.757493967,-0.652842163
0.073,0.997331941,0.756838973,-0.653601383
0.072,0.997404632,0.756183267,-0.654359891
0.071,0.997476316,0.755526848,-0.655117685
0.07,0.997546991,0.754869717,-0.655874767
0.069,0.99761666,0.754211873,-0.656631137
0.068,0.997685321,0.753553317,-0.657386795
0.067,0.997752975,0.752894049,-0.658141741
0.066,0.997819623,0.752234069,-0.658895974
0.065,0.997885264,0.751573378,-0.659649496
0.064,0.997949899,0.750911975,-0.660402307
0.063,0.998013527,0.75024986,-0.661154405
0.062,0.998076149,0.749587034,-0.661905793
0.061,0.998137766,0.748923497,-0.662656469
0.06,0.998198377,0.748259248,-0.663406435
0.059,0.998257983,0.747594289,-0.664155689
0.058,0.998316583,0.746928619,-0.664904232
0.057,0.998374178,0.746262238,-0.665652065
0.056,0.998430769,0.745595147,-0.666399187
0.055,0.998486354,0.744927345,-0.667145599
0.054,0.998540936,0.744258833,-0.667891301
0.053,0.998594512,0.743589611,-0.668636292
0.052,0.998647085,0.742919678,-0.669380573
0.051,0.998698653,0.742249036,-0.670124144
0.05,0.998749218,0.741577684,-0.670867006
0.049,0.998798779,0.740905622,-0.671609157
0.048,0.998847336,0.74023285,-0.672350599
0.047,0.998894889,0.739559369,-0.673091331
0.046,0.99894144,0.738885178,-0.673831354
0.045,0.998986987,0.738210278,-0.674570668
0.044,0.999031531,0.737534669,-0.675309272
0.043,0.999075072,0.73685835,-0.676047167
0.042,0.999117611,0.736181323,-0.676784353
0.041,0.999159146,0.735503586,-0.67752083
0.04,0.99919968,0.734825141,-0.678256598
0.039,0.999239211,0.734145986,-0.678991657
0.038,0.999277739,0.733466123,-0.679726008
0.037,0.999315266,0.732785552,-0.68045965
0.036,0.99935179,0.732104272,-0.681192583
0.035,0.999387312,0.731422283,-0.681924808
0.034,0.999421833,0.730739586,-0.682656325
0.033,0.999455352,0.73005618,-0.683387133
0.032,0.999487869,0.729372067,-0.684117233
0.031,0.999519385,0.728687245,-0.684846624
0.03,0.999549899,0.728001715,-0.685575308
0.029,0.999579412,0.727315477,-0.686303284
0.028,0.999607923,0.726628531,-0.687030551
0.027,0.999635434,0.725940877,-0.687757111
0.026,0.999661943,0.725252515,-0.688482962
0.025,0.999687451,0.724563445,-0.689208106
0.024,0.999711959,0.723873668,-0.689932542
0.023,0.999735465,0.723183183,-0.690656271
0.022,0.999757971,0.72249199,-0.691379291
0.021,0.999779476,0.721800089,-0.692101605
0.02,0.99979998,0.721107481,-0.69282321
0.019,0.999819484,0.720414166,-0.693544108
0.018,0.999837987,0.719720143,-0.694264299
0.017,0.99985549,0.719025412,-0.694983782
0.016,0.999871992,0.718329974,-0.695702557
0.015,0.999887494,0.717633829,-0.696420625
0.014,0.999901995,0.716936976,-0.697137986
0.013,0.999915496,0.716239416,-0.69785464
0.012,0.999927997,0.715541149,-0.698570586
0.011,0.999939498,0.714842175,-0.699285825
0.01,0.999949999,0.714142493,-0.700000357
0.009,0.999959499,0.713442104,-0.700714182
0.008,0.999967999,0.712741008,-0.701427299
0.007,0.9999755,0.712039204,-0.702139709
0.006,0.999982,0.711336694,-0.702851412
0.005,0.9999875,0.710633476,-0.703562408
0.004,0.999992,0.709929551,-0.704272697
0.003,0.9999955,0.70922492,-0.704982279
0.002,0.999998,0.708519581,-0.705691153
0.001,0.9999995,0.707813534,-0.706399321
0,1,0.707106781,-0.707106781
-0.001,0.9999995,0.706399321,-0.707813534
-0.002,0.999998,0.705691153,-0.708519581
-0.003,0.9999955,0.704982279,-0.70922492
-0.004,0.999992,0.704272697,-0.709929551
-0.005,0.9999875,0.703562408,-0.710633476
-0.006,0.999982,0.702851412,-0.711336694
-0.007,0.9999755,0.702139709,-0.712039204
-0.008,0.999967999,0.701427299,-0.712741008
-0.009,0.999959499,0.700714182,-0.713442104
-0.01,0.999949999,0.700000357,-0.714142493
-0.011,0.999939498,0.699285825,-0.714842175
-0.012,0.999927997,0.698570586,-0.715541149
-0.013,0.999915496,0.69785464,-0.716239416
-0.014,0.999901995,0.697137986,-0.716936976
-0.015,0.999887494,0.696420625,-0.717633829
-0.016,0.999871992,0.695702557,-0.718329974
-0.017,0.99985549,0.694983782,-0.719025412
-0.018,0.999837987,0.694264299,-0.719720143
-0.019,0.999819484,0.693544108,-0.720414166
-0.02,0.99979998,0.69282321,-0.721107481
-0.021,0.999779476,0.692101605,-0.721800089
-0.022,0.999757971,0.691379291,-0.72249199
-0.023,0.999735465,0.690656271,-0.723183183
-0.024,0.999711959,0.689932542,-0.723873668
-0.025,0.999687451,0.689208106,-0.724563445
-0.026,0.999661943,0.688482962,-0.725252515
-0.027,0.999635434,0.687757111,-0.725940877
-0.028,0.999607923,0.687030551,-0.726628531
-0.029,0.999579412,0.686303284,-0.727315477
-0.03,0.999549899,0.685575308,-0.728001715
-0.031,0.999519385,0.684846624,-0.728687245
-0.032,0.999487869,0.684117233,-0.729372067
-0.033,0.999455352,0.683387133,-0.73005618
-0.034,0.999421833,0.682656325,-0.730739586
-0.035,0.999387312,0.681924808,-0.731422283
-0.036,0.99935179,0.681192583,-0.732104272
-0.037,0.999315266,0.68045965,-0.732785552
-0.038,0.999277739,0.679726008,-0.733466123
-0.039,0.999239211,0.678991657,-0.734145986
-0.04,0.99919968,0.678256598,-0.734825141
-0.041,0.999159146,0.67752083,-0.735503586
-0.042,0.999117611,0.676784353,-0.736181323
-0.043,0.999075072,0.676047167,-0.73685835
-0.044,0.999031531,0.675309272,-0.737534669
-0.045,0.998986987,0.674570668,-0.738210278
-0.046,0.99894144,0.673831354,-0.738885178
-0.047,0.998894889,0.673091331,-0.739559369
-0.048,0.998847336,0.672350599,-0.74023285
-0.049,0.998798779,0.671609157,-0.740905622
-0.05,0.998749218,0.670867006,-0.741577684
-0.051,0.998698653,0.670124144,-0.742249036
-0.052,0.998647085,0.669380573,-0.742919678
-0.053,0.998594512,0.668636292,-0.743589611
-0.054,0.998540936,0.667891301,-0.744258833
-0.055,0.998486354,0.667145599,-0.744927345
-0.056,0.998430769,0.666399187,-0.745595147
-0.057,0.998374178,0.665652065,-0.746262238
-0.058,0.998316583,0.664904232,-0.746928619
-0.059,0.998257983,0.664155689,-0.747594289
-0.06,0.998198377,0.663406435,-0.748259248
-0.061,0.998137766,0.662656469,-0.748923497
-0.062,0.998076149,0.661905793,-0.749587034
-0.063,0.998013527,0.661154405,-0.75024986
-0.064,0.997949899,0.660402307,-0.750911975
-0.065,0.997885264,0.659649496,-0.751573378
-0.066,0.997819623,0.658895974,-0.752234069
-0.067,0.997752975,0.658141741,-0.752894049
-0.068,0.997685321,0.657386795,-0.753553317
-0.069,0.99761666,0.656631137,-0.754211873
-0.07,0.997546991,0.655874767,-0.754869717
-0.071,0.997476316,0.655117685,-0.755526848
-0.072,0.997404632,0.654359891,-0.756183267
-0.073,0.997331941,0.653601383,-0.756838973
-0.074,0.997258241,0.652842163,-0.757493967
-0.075,0.997183534,0.65208223,-0.758148247
-0.076,0.997107818,0.651321584,-0.758801815
-0.077,0.997031093,0.650560225,-0.759454669
-0.078,0.996953359,0.649798152,-0.76010681
-0.079,0.996874616,0.649035365,-0.760758237
-0.08,0.996794864,0.648271865,-0.76140895
-0.081,0.996714101,0.647507651,-0.762058949
-0.082,0.996632329,0.646742722,-0.762708235
-0.083,0.996549547,0.64597708,-0.763356805
-0.084,0.996465755,0.645210723,-0.764004662
-0.085,0.996380951,0.644443651,-0.764651804
-0.086,0.996295137,0.643675864,-0.765298231
-0.087,0.996208312,0.642907363,-0.765943943
-0.088,0.996120475,0.642138146,-0.766588939
-0.089,0.996031626,0.641368213,-0.767233221
-0.09,0.995941765,0.640597566,-0.767876786
-0.091,0.995850892,0.639826202,-0.768519636
-0.092,0.995759007,0.639054122,-0.76916177
-0.093,0.995666109,0.638281327,-0.769803188
-0.094,0.995572197,0.637507814,-0.770443889
-0.095,0.995477272,0.636733586,-0.771083874
-0.096,0.995381334,0.63595864,-0.771723142
-0.097,0.995284381,0.635182978,-0.772361693
-0.098,0.995186415,0.634406598,-0.772999527
-0.099,0.995087433,0.633629501,-0.773636643
-0.1,0.994987437,0.632851686,-0.774273042
-0.101,0.994886426,0.632073153,-0.774908723
-0.102,0.994784399,0.631293902,-0.775543686
-0.103,0.994681356,0.630513933,-0.77617793
-0.104,0.994577297,0.629733246,-0.776811456
-0.105,0.994472222,0.62895184,-0.777444264
-0.106,0.99436613,0.628169715,-0.778076352
-0.107,0.994259021,0.62738687,-0.778707721
-0.108,0.994150894,0.626603306,-0.779338371
-0.109,0.99404175,0.625819023,-0.779968301
-0.11,0.993931587,0.625034019,-0.780597511
-0.111,0.993820406,0.624248296,-0.781226001
-0.112,0.993708207,0.623461852,-0.781853771
-0.113,0.993594988,0.622674687,-0.78248082
-0.114,0.99348075,0.621886802,-0.783107148
-0.115,0.993365492,0.621098196,-0.783732755
-0.116,0.993249213,0.620308868,-0.784357641
-0.117,0.993131915,0.619518818,-0.784981805
-0.118,0.993013595,0.618728047,-0.785605247
-0.119,0.992894254,0.617936553,-0.786227967
-0.12,0.992773892,0.617144337,-0.786849965
-0.121,0.992652507,0.616351399,-0.78747124
-0.122,0.9925301,0.615557737,-0.788091792
-0.123,0.992406671,0.614763352,-0.788711621
-0.124,0.992282218,0.613968244,-0.789330726
-0.125,0.992156742,0.613172412,-0.789949108
-0.126,0.992030241,0.612375856,-0.790566765
-0.127,0.991902717,0.611578576,-0.791183699
-0.128,0.991774168,0.610780571,-0.791799907
-0.129,0.991644594,0.609981842,-0.792415391
-0.13,0.991513994,0.609182387,-0.79303015
-0.131,0.991382368,0.608382207,-0.793644184
-0.132,0.991249716,0.607581301,-0.794257491
-0.133,0.991116038,0.606779669,-0.794870073
-0.134,0.990981332,0.605977311,-0.795481928
-0.135,0.990845598,0.605174226,-0.796093057
-0.136,0.990708837,0.604370415,-0.796703459
-0.137,0.990571047,0.603565876,-0.797313134
-0.138,0.990432229,0.60276061,-0.797922081
-0.139,0.990292381,0.601954615,-0.798530301
-0.14,0.990151504,0.601147893,-0.799137792
-0.141,0.990009596,0.600340443,-0.799744555
-0.142,0.989866658,0.599532263,-0.800350589
-0.143,0.989722688,0.598723355,-0.800955894
-0.144,0.989577688,0.597913717,-0.80156047
-0.145,0.989431655,0.59710335,-0.802164316
-0.146,0.98928459,0.596292252,-0.802767432
-0.147,0.989136492,0.595480424,-0.803369818
-0.148,0.988987361,0.594667866,-0.803971473
-0.149,0.988837196,0.593854576,-0.804572397
-0.15,0.988685997,0.593040556,-0.80517259
-0.151,0.988533763,0.592225803,-0.805772051
-0.152,0.988380494,0.591410319,-0.80637078
-0.153,0.988226189,0.590594102,-0.806968777
-0.154,0.988070848,0.589777152,-0.807566041
-0.155,0.98791447,0.58895947,-0.808162572
-0.156,0.987757055,0.588141054,-0.80875837
-0.157,0.987598603,0.587321904,-0.809353434
-0.158,0.987439112,0.586502021,-0.809947764
-0.159,0.987278583,0.585681403,-0.810541359
-0.16,0.987117014,0.58486005,-0.81113422
-0.161,0.986954406,0.584037962,-0.811726345
-0.162,0.986790758,0.583215138,-0.812317735
-0.163,0.986626069,0.582391579,-0.812908389
-0.164,0.986460339,0.581567283,-0.813498307
-0.165,0.986293567,0.58074225,-0.814087488
-0.166,0.986125753,0.579916481,-0.814675932
-0.167,0.985956896,0.579089974,-0.815263639
-0.168,0.985786995,0.57826273,-0.815850608
-0.169,0.985616051,0.577434747,-0.816436839
-0.17,0.985444062,0.576606026,-0.817022332
-0.171,0.985271029,0.575776566,-0.817607085
-0.172,0.98509695,0.574946367,-0.8181911
-0.173,0.984921824,0.574115428,-0.818774374
-0.174,0.984745652,0.573283749,-0.819356909
-0.175,0.984568433,0.572451329,-0.819938702
-0.176,0.984390167,0.571618169,-0.820519756
-0.177,0.984210851,0.570784267,-0.821100067
-0.178,0.984030487,0.569949623,-0.821679638
-0.179,0.983849074,0.569114238,-0.822258466
-0.18,0.98366661,0.56827811,-0.822836551
-0.181,0.983483096,0.567441239,-0.823413894
-0.182,0.98329853,0.566603625,-0.823990493
-0.183,0.983112913,0.565765267,-0.824566349
-0.184,0.982926243,0.564926164,-0.82514146
-0.185,0.982738521,0.564086318,-0.825715827
-0.186,0.982549744,0.563245726,-0.826289448
-0.187,0.982359914,0.562404388,-0.826862325
-0.188,0.982169028,0.561562305,-0.827434455
-0.189,0.981977087,0.560719476,-0.828005839
-0.19,0.98178409,0.559875899,-0.828576476
-0.191,0.981590037,0.559031576,-0.829146366
-0.192,0.981394926,0.558186505,-0.829715509
-0.193,0.981198757,0.557340686,-0.830283903
-0.194,0.981001529,0.556494118,-0.830851549
-0.195,0.980803242,0.555646801,-0.831418446
-0.196,0.980603896,0.554798735,-0.831984593
-0.197,0.980403488,0.553949919,-0.832549991
-0.198,0.98020202,0.553100353,-0.833114638
-0.199,0.97999949,0.552250035,-0.833678534
-0.2,0.979795897,0.551398967,-0.834241679
-0.201,0.979591241,0.550547146,-0.834804073
-0.202,0.979385522,0.549694574,-0.835365714
-0.203,0.979178738,0.548841249,-0.835926602
-0.204,0.978970888,0.54798717,-0.836486737
-0.205,0.978761973,0.547132338,-0.837046118
-0.206,0.978551991,0.546276752,-0.837604746
-0.207,0.978340943,0.545420411,-0.838162619
-0.208,0.978128826,0.544563315,-0.838719736
-0.209,0.977915641,0.543705464,-0.839276098
-0.21,0.977701386,0.542846856,-0.839831704
-0.211,0.977486061,0.541987492,-0.840386553
-0.212,0.977269666,0.54112737,-0.840940645
-0.213,0.977052199,0.540266491,-0.84149398
-0.214,0.97683366,0.539404854,-0.842046557
-0.215,0.976614049,0.538542458,-0.842598374
-0.216,0.976393363,0.537679304,-0.843149433
-0.217,0.976171604,0.536815389,-0.843699732
-0.218,0.975948769,0.535950714,-0.844249271
-0.219,0.975724859,0.535085279,-0.844798049
-0.22,0.975499872,0.534219083,-0.845346066
-0.221,0.975273808,0.533352124,-0.845893322
-0.222,0.975046666,0.532484404,-0.846439815
-0.223,0.974818445,0.53161592,-0.846985545
-0.224,0.974589144,0.530746674,-0.847530512
-0.225,0.974358763,0.529876663,-0.848074715
-0.226,0.974127302,0.529005888,-0.848618153
-0.227,0.973894758,0.528134348,-0.849160827
-0.228,0.973661132,0.527262043,-0.849702735
-0.229,0.973426422,0.526388971,-0.850243877
-0.23,0.973190629,0.525515133,-0.850784253
-0.231,0.97295375,0.524640528,-0.851323861
-0.232,0.972715786,0.523765155,-0.851862702
-0.233,0.972476735,0.522889014,-0.852400774
-0.234,0.972236597,0.522012104,-0.852938077
-0.235,0.97199537,0.521134424,-0.853474611
-0.236,0.971753055,0.520255975,-0.854010375
-0.237,0.97150965,0.519376754,-0.854545369
-0.238,0.971265154,0.518496763,-0.855079591
-0.239,0.971019567,0.517616,-0.855613041
-0.24,0.970772888,0.516734465,-0.85614572
-0.241,0.970525116,0.515852156,-0.856677625
-0.242,0.970276249,0.514969074,-0.857208757
-0.243,0.970026288,0.514085219,-0.857739114
-0.244,0.969775232,0.513200588,-0.858268697
-0.245,0.969523079,0.512315182,-0.858797505
-0.246,0.969269828,0.511429,-0.859325537
-0.247,0.96901548,0.510542042,-0.859852792
-0.248,0.968760032,0.509654306,-0.86037927
-0.249,0.968503485,0.508765793,-0.86090497
-0.25,0.968245837,0.507876502,-0.861429892
-0.251,0.967987087,0.506986431,-0.861954035
-0.252,0.967727234,0.506095581,-0.862477399
-0.253,0.967466278,0.50520395,-0.862999982
-0.254,0.967204218,0.504311539,-0.863521784
-0.255,0.966941053,0.503418346,-0.864042805
-0.256,0.966676782,0.502524371,-0.864563043
-0.257,0.966411403,0.501629614,-0.865082499
-0.258,0.966144917,0.500734073,-0.865601172
-0.259,0.965877321,0.499837747,-0.86611906
-0.26,0.965608616,0.498940637,-0.866636164
-0.261,0.965338801,0.498042742,-0.867152482
-0.262,0.965067873,0.497144061,-0.867668014
-0.263,0.964795833,0.496244593,-0.86818276
-0.264,0.96452268,0.495344337,-0.868696718
-0.265,0.964248412,0.494443294,-0.869209888
-0.266,0.963973029,0.493541462,-0.869722269
-0.267,0.963696529,0.49263884,-0.870233861
-0.268,0.963418912,0.491735428,-0.870744663
-0.269,0.963140177,0.490831226,-0.871254674
-0.27,0.962860322,0.489926232,-0.871763894
-0.271,0.962579347,0.489020446,-0.872272322
-0.272,0.962297251,0.488113867,-0.872779956
-0.273,0.962014033,0.487206495,-0.873286798
-0.274,0.961729692,0.486298329,-0.873792845
-0.275,0.961444226,0.485389367,-0.874298097
-0.276,0.961157635,0.48447961,-0.874802553
-0.277,0.960869918,0.483569057,-0.875306213
-0.278,0.960581074,0.482657706,-0.875809077
-0.279,0.960291102,0.481745558,-0.876311142
-0.28,0.96,0.480832611,-0.876812409
-0.281,0.959707768,0.479918865,-0.877312876
-0.282,0.959414405,0.479004319,-0.877812544
-0.283,0.959119909,0.478088973,-0.878311411
-0.284,0.95882428,0.477172825,-0.878809476
-0.285,0.958527517,0.476255874,-0.87930674
-0.286,0.958229618,0.475338121,-0.8798032
-0.287,0.957930582,0.474419564,-0.880298857
-0.288,0.957630409,0.473500203,-0.880793709
-0.289,0.957329097,0.472580037,-0.881287756
-0.29,0.957026645,0.471659064,-0.881780997
-0.291,0.956723053,0.470737285,-0.882273432
-0.292,0.956418319,0.469814699,-0.882765059
-0.293,0.956112441,0.468891304,-0.883255878
-0.294,0.95580542,0.4679671,-0.883745887
-0.295,0.955497253,0.467042086,-0.884235087
-0.296,0.95518794,0.466116262,-0.884723477
-0.297,0.954877479,0.465189627,-0.885211055
-0.298,0.95456587,0.464262179,-0.88569782
-0.299,0.954253111,0.463333918,-0.886183773
-0.3,0.953939201,0.462404844,-0.886668913
-0.301,0.95362414,0.461474955,-0.887153237
-0.302,0.953307925,0.46054425,-0.887636746
-0.303,0.952990556,0.45961273,-0.888119439
-0.304,0.952672032,0.458680392,-0.888601315
-0.305,0.952352351,0.457747237,-0.889082374
-0.306,0.952031512,0.456813263,-0.889562613
-0.307,0.951709515,0.45587847,-0.890042033
-0.308,0.951386357,0.454942856,-0.890520633
-0.309,0.951062038,0.454006421,-0.890998412
-0.31,0.950736557,0.453069164,-0.891475368
-0.311,0.950409912,0.452131084,-0.891951502
-0.312,0.950082102,0.451192181,-0.892426813
-0.313,0.949753126,0.450252453,-0.892901298
-0.314,0.949422983,0.4493119,-0.893374959
-0.315,0.949091671,0.44837052,-0.893847793
-0.316,0.94875919,0.447428314,-0.8943198
-0.317,0.948425537,0.446485279,-0.894790979
-0.318,0.948090713,0.445541416,-0.895261329
-0.319,0.947754715,0.444596723,-0.895730849
-0.32,0.947417543,0.443651199,-0.896199539
-0.321,0.947079194,0.442704844,-0.896667397
-0.322,0.946739669,0.441757656,-0.897134423
-0.323,0.946398964,0.440809635,-0.897600616
-0.324,0.946057081,0.43986078,-0.898065974
-0.325,0.945714016,0.43891109,-0.898530498
-0.326,0.945369769,0.437960564,-0.898994185
-0.327,0.945024338,0.437009201,-0.899457035
-0.328,0.944677723,0.436057,-0.899919048
-0.329,0.944329921,0.43510396,-0.900380222
-0.33,0.943980932,0.434150081,-0.900840556
-0.331,0.943630754,0.433195361,-0.90130005
-0.332,0.943279386,0.432239799,-0.901758702
-0.333,0.942926826,0.431283395,-0.902216511
-0.334,0.942573074,0.430326148,-0.902673477
-0.335,0.942218128,0.429368056,-0.903129599
-0.336,0.941861986,0.428409119,-0.903584875
-0.337,0.941504647,0.427449335,-0.904039306
-0.338,0.94114611,0.426488704,-0.904492888
-0.339,0.940786373,0.425527225,-0.904945623
-0.34,0.940425436,0.424564897,-0.905397508
-0.341,0.940063296,0.423601719,-0.905848544
-0.342,0.939699952,0.422637689,-0.906298728
-0.343,0.939335403,0.421672808,-0.906748059
-0.344,0.938969648,0.420707073,-0.907196538
-0.345,0.938602685,0.419740484,-0.907644163
-0.346,0.938234512,0.41877304,-0.908090932
-0.347,0.937865129,0.417804739,-0.908536846
-0.348,0.937494533,0.416835582,-0.908981902
-0.349,0.937122724,0.415865566,-0.9094261
-0.35,0.9367497,0.414894692,-0.909869438
-0.351,0.936375459,0.413922957,-0.910311917
-0.352,0.936,0.41295036,-0.910753534
-0.353,0.935623322,0.411976902,-0.911194289
-0.354,0.935245422,0.41100258,-0.911634181
-0.355,0.934866301,0.410027393,-0.912073208
-0.356,0.934485955,0.409051342,-0.91251137
-0.357,0.934104384,0.408074423,-0.912948665
-0.358,0.933721586,0.407096637,-0.913385093
-0.359,0.93333756,0.406117983,-0.913820652
-0.36,0.932952303,0.405138459,-0.914255341
-0.361,0.932565815,0.404158064,-0.91468916
-0.362,0.932178095,0.403176797,-0.915122107
-0.363,0.931789139,0.402194657,-0.915554181
-0.364,0.931398948,0.401211644,-0.91598538
-0.365,0.931007519,0.400227755,-0.916415705
-0.366,0.930614851,0.39924299,-0.916845153
-0.367,0.930220941,0.398257347,-0.917273724
-0.368,0.92982579,0.397270826,-0.917701417
-0.369,0.929429395,0.396283425,-0.91812823
-0.37,0.929031754,0.395295144,-0.918554162
-0.371,0.928632866,0.394305981,-0.918979213
-0.372,0.928232729,0.393315935,-0.91940338
-0.373,0.927831342,0.392325005,-0.919826663
-0.374,0.927428703,0.391333189,-0.920249061
-0.375,0.927024811,0.390340487,-0.920670573
-0.376,0.926619663,0.389346898,-0.921091197
-0.377,0.926213258,0.388352419,-0.921510932
-0.378,0.925805595,0.387357051,-0.921929778
-0.379,0.925396672,0.386360792,-0.922347732
-0.38,0.924986486,0.38536364,-0.922764794
-0.381,0.924575038,0.384365595,-0.923180962
-0.382,0.924162323,0.383366655,-0.923596236
-0.383,0.923748342,0.38236682,-0.924010614
-0.384,0.923333093,0.381366087,-0.924424095
-0.385,0.922916573,0.380364456,-0.924836678
-0.386,0.92249878,0.379361926,-0.925248361
-0.387,0.922079715,0.378358495,-0.925659143
-0.388,0.921659373,0.377354162,-0.926069024
-0.389,0.921237754,0.376348925,-0.926478001
-0.39,0.920814857,0.375342785,-0.926886074
-0.391,0.920390678,0.374335738,-0.927293241
-0.392,0.919965217,0.373327785,-0.927699501
-0.393,0.919538471,0.372318924,-0.928104854
-0.394,0.91911044,0.371309153,-0.928509296
-0.395,0.91868112,0.370298471,-0.928912828
-0.396,0.91825051,0.369286877,-0.929315448
-0.397,0.91781861,0.368274371,-0.929717155
-0.398,0.917385415,0.367260949,-0.930117947
-0.399,0.916950926,0.366246612,-0.930517823
-0.4,0.916515139,0.365231357,-0.930916782
-0.401,0.916078053,0.364215184,-0.931314823
-0.402,0.915639667,0.363198092,-0.931711944
-0.403,0.915199978,0.362180078,-0.932108144
-0.404,0.914758985,0.361161142,-0.932503421
-0.405,0.914316685,0.360141282,-0.932897774
-0.406,0.913873077,0.359120496,-0.933291203
-0.407,0.913428158,0.358098785,-0.933683705
-0.408,0.912981928,0.357076145,-0.934075279
-0.409,0.912534383,0.356052577,-0.934465924
-0.41,0.912085522,0.355028078,-0.934855638
-0.411,0.911635344,0.354002646,-0.935244421
-0.412,0.911183845,0.352976282,-0.93563227
-0.413,0.910731025,0.351948983,-0.936019184
-0.414,0.910276881,0.350920748,-0.936405163
-0.415,0.909821411,0.349891575,-0.936790204
-0.416,0.909364613,0.348861464,-0.937174306
-0.417,0.908906486,0.347830412,-0.937557467
-0.418,0.908447027,0.346798418,-0.937939687
-0.419,0.907986233,0.345765482,-0.938320964
-0.42,0.907524104,0.3447316,-0.938701296
-0.421,0.907060637,0.343696773,-0.939080683
-0.422,0.906595831,0.342660998,-0.939459121
-0.423,0.906129682,0.341624274,-0.939836611
-0.424,0.905662189,0.3405866,-0.94021315
-0.425,0.90519335,0.339547974,-0.940588738
-0.426,0.904723162,0.338508394,-0.940963372
-0.427,0.904251624,0.33746786,-0.941337051
-0.428,0.903778734,0.336426369,-0.941709774
-0.429,0.903304489,0.335383921,-0.942081539
-0.43,0.902828887,0.334340513,-0.942452344
-0.431,0.902351927,0.333296144,-0.942822189
-0.432,0.901873605,0.332250813,-0.943191072
-0.433,0.901393921,0.331204517,-0.94355899
-0.434,0.90091287,0.330157257,-0.943925943
-0.435,0.900430453,0.329109029,-0.944291929
-0.436,0.899946665,0.328059833,-0.944656946
-0.437,0.899461506,0.327009667,-0.945020993
-0.438,0.898974972,0.325958529,-0.945384069
-0.439,0.898487062,0.324906417,-0.945746171
-0.44,0.897997773,0.323853331,-0.946107298
-0.441,0.897507103,0.322799268,-0.946467449
-0.442,0.89701505,0.321744227,-0.946826622
-0.443,0.896521612,0.320688207,-0.947184815
-0.444,0.896026785,0.319631205,-0.947542027
-0.445,0.895530569,0.31857322,-0.947898256
-0.446,0.89503296,0.317514251,-0.9482535
-0.447,0.894533957,0.316454296,-0.948607758
-0.448,0.894033556,0.315393352,-0.948961028
-0.449,0.893531757,0.31433142,-0.949313309
-0.45,0.893028555,0.313268495,-0.949664599
-0.451,0.892523949,0.312204579,-0.950014895
-0.452,0.892017937,0.311139667,-0.950364197
-0.453,0.891510516,0.310073759,-0.950712503
-0.454,0.891001684,0.309006854,-0.951059811
-0.455,0.890491437,0.307938949,-0.951406119
-0.456,0.889979775,0.306870042,-0.951751426
-0.457,0.889466694,0.305800132,-0.95209573
-0.458,0.888952192,0.304729217,-0.952439029
-0.459,0.888436267,0.303657296,-0.952781321
-0.46,0.887918915,0.302584367,-0.953122605
-0.461,0.887400135,0.301510427,-0.953462879
-0.462,0.886879924,0.300435476,-0.953802141
-0.463,0.88635828,0.29935951,-0.95414039
-0.464,0.885835199,0.29828253,-0.954477623
-0.465,0.88531068,0.297204532,-0.954813838
-0.466,0.88478472,0.296125515,-0.955149035
-0.467,0.884257315,0.295045477,-0.955483211
-0.468,0.883728465,0.293964417,-0.955816364
-0.469,0.883198166,0.292882332,-0.956148493
-0.47,0.882666415,0.29179922,-0.956479595
-0.471,0.88213321,0.290715081,-0.956809669
-0.472,0.881598548,0.289629911,-0.957138712
-0.473,0.881062427,0.288543709,-0.957466724
-0.474,0.880524843,0.287456474,-0.957793702
-0.475,0.879985795,0.286368202,-0.958119644
-0.476,0.87944528,0.285278893,-0.958444549
-0.477,0.878903294,0.284188544,-0.958768414
-0.478,0.878359835,0.283097154,-0.959091237
-0.479,0.877814901,0.282004721,-0.959413017
-0.48,0.877268488,0.280911242,-0.959733752
-0.481,0.876720594,0.279816715,-0.960053439
-0.482,0.876171216,0.27872114,-0.960372077
-0.483,0.875620352,0.277624513,-0.960689664
-0.484,0.875067997,0.276526833,-0.961006197
-0.485,0.874514151,0.275428097,-0.961321675
-0.486,0.873958809,0.274328305,-0.961636096
-0.487,0.873401969,0.273227453,-0.961949458
-0.488,0.872843629,0.272125539,-0.962261758
-0.489,0.872283784,0.271022563,-0.962572995
-0.49,0.871722433,0.269918521,-0.962883166
-0.491,0.871159572,0.268813411,-0.96319227
-0.492,0.870595199,0.267707232,-0.963500305
-0.493,0.87002931,0.266599982,-0.963807268
-0.494,0.869461903,0.265491657,-0.964113157
-0.495,0.868892974,0.264382257,-0.964417971
-0.496,0.868322521,0.263271779,-0.964721706
-0.497,0.86775054,0.262160221,-0.965024362
-0.498,0.867177029,0.261047581,-0.965325935
-0.499,0.866601985,0.259933856,-0.965626424
-0.5,0.866025404,0.258819045,-0.965925826
-0.501,0.865447283,0.257703145,-0.96622414
-0.502,0.86486762,0.256586155,-0.966521363
-0.503,0.864286411,0.255468071,-0.966817493
-0.504,0.863703653,0.254348892,-0.967112528
-0.505,0.863119343,0.253228616,-0.967406465
-0.506,0.862533478,0.25210724,-0.967699302
-0.507,0.861946054,0.250984762,-0.967991038
-0.508,0.861357069,0.24986118,-0.968281669
-0.509,0.860766519,0.248736491,-0.968571194
-0.51,0.860174401,0.247610693,-0.96885961
-0.511,0.859580712,0.246483785,-0.969146915
-0.512,0.858985448,0.245355763,-0.969433107
-0.513,0.858388607,0.244226626,-0.969718183
-0.514,0.857790184,0.243096371,-0.970002142
-0.515,0.857190177,0.241964995,-0.970284979
-0.516,0.856588583,0.240832496,-0.970566695
-0.517,0.855985397,0.239698873,-0.970847285
-0.518,0.855380617,0.238564122,-0.971126747
-0.519,0.854774239,0.237428241,-0.97140508
-0.52,0.85416626,0.236291229,-0.971682281
-0.521,0.853556677,0.235153081,-0.971958347
-0.522,0.852945485,0.234013796,-0.972233276
-0.523,0.852332682,0.232873372,-0.972507065
-0.524,0.851718263,0.231731806,-0.972779713
-0.525,0.851102227,0.230589096,-0.973051216
-0.526,0.850484568,0.229445238,-0.973321572
-0.527,0.849865283,0.228300231,-0.973590779
-0.528,0.84924437,0.227154072,-0.973858833
-0.529,0.848621824,0.226006759,-0.974125734
-0.53,0.847997642,0.224858289,-0.974391477
-0.531,0.847371819,0.223708659,-0.97465606
-0.532,0.846744353,0.222557867,-0.974919482
-0.533,0.84611524,0.22140591,-0.975181739
-0.534,0.845484476,0.220252786,-0.975442828
-0.535,0.844852058,0.219098491,-0.975702747
-0.536,0.844217981,0.217943025,-0.975961494
-0.537,0.843582243,0.216786383,-0.976219066
-0.538,0.842944838,0.215628563,-0.976475459
-0.539,0.842305764,0.214469562,-0.976730673
-0.54,0.841665017,0.213309379,-0.976984702
-0.541,0.841022592,0.212148009,-0.977237546
-0.542,0.840378486,0.210985451,-0.977489202
-0.543,0.839732696,0.209821701,-0.977739666
-0.544,0.839085216,0.208656757,-0.977988935
-0.545,0.838436044,0.207490617,-0.978237008
-0.546,0.837785175,0.206323276,-0.978483881
-0.547,0.837132606,0.205154733,-0.978729552
-0.548,0.836478332,0.203984985,-0.978974017
-0.549,0.83582235,0.202814028,-0.979217274
-0.55,0.835164654,0.201641861,-0.97945932
-0.551,0.834505243,0.20046848,-0.979700152
-0.552,0.83384411,0.199293882,-0.979939768
-0.553,0.833181253,0.198118064,-0.980178164
-0.554,0.832516666,0.196941024,-0.980415337
-0.555,0.831850347,0.195762758,-0.980651285
-0.556,0.83118229,0.194583264,-0.980886004
-0.557,0.830512492,0.193402538,-0.981119492
-0.558,0.829840949,0.192220578,-0.981351746
-0.559,0.829167655,0.191037381,-0.981582762
-0.56,0.828492607,0.189852943,-0.981812538
-0.561,0.827815801,0.188667262,-0.982041071
-0.562,0.827137232,0.187480334,-0.982268357
-0.563,0.826456895,0.186292157,-0.982494393
-0.564,0.825774788,0.185102728,-0.982719177
-0.565,0.825090904,0.183912042,-0.982942705
-0.566,0.82440524,0.182720098,-0.983164974
-0.567,0.823717791,0.181526891,-0.983385981
-0.568,0.823028554,0.18033242,-0.983605723
-0.569,0.822337522,0.17913668,-0.983824197
-0.57,0.821644692,0.177939668,-0.984041399
-0.571,0.820950059,0.176741382,-0.984257326
-0.572,0.820253619,0.175541818,-0.984471975
-0.573,0.819555367,0.174340972,-0.984685343
-0.574,0.818855299,0.173138842,-0.984897427
-0.575,0.818153409,0.171935424,-0.985108222
-0.576,0.817449693,0.170730715,-0.985317727
-0.577,0.816744146,0.169524711,-0.985525937
-0.578,0.816036764,0.16831741,-0.985732849
-0.579,0.815327542,0.167108807,-0.98593846
-0.58,0.814616474,0.1658989,-0.986142766
-0.581,0.813903557,0.164687684,-0.986345764
-0.582,0.813188785,0.163475158,-0.986547451
-0.583,0.812472153,0.162261316,-0.986747823
-0.584,0.811753657,0.161046155,-0.986946876
-0.585,0.811033292,0.159829673,-0.987144607
-0.586,0.810311051,0.158611866,-0.987341013
-0.587,0.809586932,0.157392729,-0.98753609
-0.588,0.808860927,0.15617226,-0.987729834
-0.589,0.808133034,0.154950454,-0.987922242
-0.59,0.807403245,0.153727309,-0.988113311
-0.591,0.806671556,0.15250282,-0.988303035
-0.592,0.805937963,0.151276984,-0.988491413
-0.593,0.805202459,0.150049798,-0.98867844
-0.594,0.80446504,0.148821257,-0.988864113
-0.595,0.803725699,0.147591358,-0.989048427
-0.596,0.802984433,0.146360096,-0.98923138
-0.597,0.802241236,0.145127469,-0.989412966
-0.598,0.801496101,0.143893473,-0.989593183
-0.599,0.800749024,0.142658103,-0.989772027
-0.6,0.8,0.141421356,-0.989949494
-0.601,0.799249023,0.140183228,-0.990125579
-0.602,0.798496086,0.138943715,-0.99030028
-0.603,0.797741186,0.137702813,-0.990473591
-0.604,0.796984316,0.136460519,-0.99064551
-0.605,0.796225471,0.135216827,-0.990816032
-0.606,0.795464644,0.133971735,-0.990985153
-0.607,0.794701831,0.132725237,-0.99115287
-0.608,0.793937025,0.131477331,-0.991319177
-0.609,0.793170221,0.130228012,-0.991484072
-0.61,0.792401413,0.128977276,-0.991647549
-0.611,0.791630596,0.127725119,-0.991809606
-0.612,0.790857762,0.126471537,-0.991970237
-0.613,0.790082907,0.125216524,-0.992129438
-0.614,0.789306024,0.123960079,-0.992287206
-0.615,0.788527108,0.122702195,-0.992443536
-0.616,0.787746152,0.121442869,-0.992598423
-0.617,0.78696315,0.120182096,-0.992751864
-0.618,0.786178097,0.118919873,-0.992903854
-0.619,0.785390985,0.117656194,-0.993054389
-0.62,0.78460181,0.116391056,-0.993203465
-0.621,0.783810564,0.115124454,-0.993351076
-0.622,0.783017241,0.113856383,-0.993497219
-0.623,0.782221836,0.11258684,-0.993641889
-0.624,0.781424341,0.111315819,-0.993785082
-0.625,0.78062475,0.110043316,-0.993926792
-0.626,0.779823057,0.108769327,-0.994067017
-0.627,0.779019255,0.107493846,-0.99420575
-0.628,0.778213338,0.10621687,-0.994342987
-0.629,0.7774053,0.104938394,-0.994478725
-0.63,0.776595133,0.103658412,-0.994612957
-0.631,0.77578283,0.102376921,-0.994745679
-0.632,0.774968386,0.101093916,-0.994876887
-0.633,0.774151794,0.099809391,-0.995006576
-0.634,0.773333046,0.098523342,-0.99513474
-0.635,0.772512136,0.097235764,-0.995261376
-0.636,0.771689057,0.095946652,-0.995386478
-0.637,0.770863801,0.094656002,-0.995510041
-0.638,0.770036363,0.093363807,-0.99563206
-0.639,0.769206734,0.092070065,-0.995752531
-0.64,0.768374908,0.090774768,-0.995871448
-0.641,0.767540878,0.089477913,-0.995988807
-0.642,0.766704637,0.088179494,-0.996104601
-0.643,0.765866176,0.086879506,-0.996218827
-0.644,0.76502549,0.085577945,-0.996331479
-0.645,0.76418257,0.084274803,-0.996442551
-0.646,0.763337409,0.082970078,-0.996552039
-0.647,0.76249,0.081663762,-0.996659937
-0.648,0.761640335,0.080355852,-0.99676624
-0.649,0.760788407,0.079046341,-0.996870943
-0.65,0.759934208,0.077735224,-0.996974039
-0.651,0.75907773,0.076422496,-0.997075525
-0.652,0.758218966,0.075108151,-0.997175394
-0.653,0.757357907,0.073792184,-0.99727364
-0.654,0.756494547,0.072474589,-0.997370259
-0.655,0.755628877,0.071155361,-0.997465245
-0.656,0.754760889,0.069834495,-0.997558591
-0.657,0.753890576,0.068511983,-0.997650294
-0.658,0.753017928,0.067187821,-0.997740345
-0.659,0.752142939,0.065862003,-0.997828741
-0.66,0.751265599,0.064534524,-0.997915475
-0.661,0.750385901,0.063205377,-0.998000541
-0.662,0.749503836,0.061874556,-0.998083934
-0.663,0.748619396,0.060542055,-0.998165647
-0.664,0.747732573,0.05920787,-0.998245675
-0.665,0.746843357,0.057871993,-0.998324012
-0.666,0.745951741,0.056534418,-0.998400651
-0.667,0.745057716,0.05519514,-0.998475586
-0.668,0.744161273,0.053854152,-0.998548812
-0.669,0.743262403,0.052511449,-0.998620322
-0.67,0.742361098,0.051167023,-0.99869011
-0.671,0.741457349,0.049820869,-0.998758169
-0.672,0.740551146,0.04847298,-0.998824494
-0.673,0.739642481,0.04712335,-0.998889078
-0.674,0.738731345,0.045771973,-0.998951914
-0.675,0.737817728,0.044418842,-0.999012996
-0.676,0.736901622,0.04306395,-0.999072318
-0.677,0.735983016,0.041707291,-0.999129872
-0.678,0.735061902,0.040348858,-0.999185653
-0.679,0.73413827,0.038988645,-0.999239654
-0.68,0.733212111,0.037626645,-0.999291867
-0.681,0.732283415,0.036262851,-0.999342287
-0.682,0.731352172,0.034897256,-0.999390905
-0.683,0.730418373,0.033529853,-0.999437716
-0.684,0.729482008,0.032160636,-0.999482713
-0.685,0.728543067,0.030789598,-0.999525888
-0.686,0.727601539,0.029416731,-0.999567234
-0.687,0.726657416,0.028042028,-0.999606745
-0.688,0.725710686,0.026665482,-0.999644413
-0.689,0.72476134,0.025287086,-0.999680231
-0.69,0.723809367,0.023906833,-0.999714191
-0.691,0.722854757,0.022524715,-0.999746286
-0.692,0.7218975,0.021140725,-0.99977651
-0.693,0.720937584,0.019754855,-0.999804854
-0.694,0.719975,0.018367098,-0.999831311
-0.695,0.719009736,0.016977447,-0.999855873
-0.696,0.718041782,0.015585893,-0.999878533
-0.697,0.717071126,0.014192429,-0.999899282
-0.698,0.716097759,0.012797048,-0.999918114
-0.699,0.715121668,0.011399741,-0.999935021
-0.7,0.714142843,0.0100005,-0.999949994
-0.701,0.713161272,0.008599318,-0.999963025
-0.702,0.712176944,0.007196186,-0.999974107
-0.703,0.711189848,0.005791097,-0.999983231
-0.704,0.710199972,0.004384042,-0.99999039
-0.705,0.709207304,0.002975013,-0.999995575
-0.706,0.708211833,0.001564002,-0.999998777
-0.707,0.707213546,0.000151,-0.999999989
-0.708,0.706212433,-0.001264001,-0.999999201
-0.709,0.70520848,-0.00268101,-0.999996406
-0.71,0.704201676,-0.004100034,-0.999991595
-0.711,0.703192008,-0.005521084,-0.999984759
-0.712,0.702179464,-0.006944167,-0.999975889
-0.713,0.701164032,-0.008369293,-0.999964977
-0.714,0.700145699,-0.00979647,-0.999952013
-0.715,0.699124452,-0.011225707,-0.99993699
-0.716,0.698100279,-0.012657014,-0.999919897
-0.717,0.697073167,-0.014090399,-0.999900725
-0.718,0.696043102,-0.015525871,-0.999879466
-0.719,0.695010072,-0.016963441,-0.99985611
-0.72,0.693974063,-0.018403117,-0.999830648
-0.721,0.692935062,-0.019844908,-0.99980307
-0.722,0.691893055,-0.021288825,-0.999773367
-0.723,0.69084803,-0.022734876,-0.999741529
-0.724,0.689799971,-0.024183072,-0.999707547
-0.725,0.688748866,-0.025633423,-0.99967141
-0.726,0.6876947,-0.027085938,-0.999633109
-0.727,0.686637459,-0.028540626,-0.999592633
-0.728,0.685577129,-0.0299975,-0.999549974
-0.729,0.684513696,-0.031456567,-0.99950512
-0.73,0.683447145,-0.032917839,-0.999458061
-0.731,0.682377462,-0.034381327,-0.999408787
-0.732,0.681304631,-0.035847039,-0.999357288
-0.733,0.680228638,-0.037314988,-0.999303553
-0.734,0.679149468,-0.038785183,-0.999247572
-0.735,0.678067106,-0.040257636,-0.999189333
-0.736,0.676981536,-0.041732356,-0.999128826
-0.737,0.675892743,-0.043209356,-0.99906604
-0.738,0.674800711,-0.044688646,-0.999000963
-0.739,0.673705425,-0.046170237,-0.998933586
-0.74,0.672606869,-0.04765414,-0.998863896
-0.741,0.671505026,-0.049140367,-0.998791882
-0.742,0.670399881,-0.05062893,-0.998717533
-0.743,0.669291416,-0.052119839,-0.998640838
-0.744,0.668179617,-0.053613107,-0.998561783
-0.745,0.667064465,-0.055108746,-0.998480358
-0.746,0.665945944,-0.056606766,-0.998396551
-0.747,0.664824037,-0.058107181,-0.99831035
-0.748,0.663698727,-0.059610002,-0.998221743
-0.749,0.662569996,-0.061115242,-0.998130717
-0.75,0.661437828,-0.062622913,-0.998037259
-0.751,0.660302204,-0.064133027,-0.997941358
-0.752,0.659163106,-0.065645597,-0.997843001
-0.753,0.658020516,-0.067160637,-0.997742176
-0.754,0.656874417,-0.068678158,-0.997638868
-0.755,0.65572479,-0.070198174,-0.997533065
-0.756,0.654571616,-0.071720698,-0.997424755
-0.757,0.653414876,-0.073245744,-0.997313923
-0.758,0.652254552,-0.074773324,-0.997200557
-0.759,0.651090623,-0.076303452,-0.997084642
-0.76,0.649923072,-0.077836142,-0.996966165
-0.761,0.648751879,-0.079371408,-0.996845113
-0.762,0.647577022,-0.080909263,-0.996721471
-0.763,0.646398484,-0.082449723,-0.996595225
-0.764,0.645216243,-0.0839928,-0.996466361
-0.765,0.644030279,-0.08553851,-0.996334865
-0.766,0.642840571,-0.087086867,-0.996200722
-0.767,0.641647099,-0.088637886,-0.996063916
-0.768,0.640449842,-0.090191582,-0.995924434
-0.769,0.639248778,-0.091747969,-0.99578226
-0.77,0.638043886,-0.093307063,-0.99563738
-0.771,0.636835144,-0.09486888,-0.995489777
-0.772,0.635622529,-0.096433434,-0.995339436
-0.773,0.634406021,-0.098000742,-0.995186342
-0.774,0.633185597,-0.099570819,-0.995030478
-0.775,0.631961233,-0.101143682,-0.994871829
-0.776,0.630732907,-0.102719347,-0.994710378
-0.777,0.629500596,-0.104297829,-0.994546109
-0.778,0.628264276,-0.105879146,-0.994379005
-0.779,0.627023923,-0.107463315,-0.99420905
-0.78,0.625779514,-0.109050352,-0.994036227
-0.781,0.624531024,-0.110640274,-0.993860518
-0.782,0.623278429,-0.112233099,-0.993681907
-0.783,0.622021704,-0.113828845,-0.993500374
-0.784,0.620760824,-0.115427529,-0.993315904
-0.785,0.619495763,-0.117029169,-0.993128478
-0.786,0.618226496,-0.118633783,-0.992938077
-0.787,0.616952997,-0.120241389,-0.992744684
-0.788,0.615675239,-0.121852007,-0.99254828
-0.789,0.614393197,-0.123465655,-0.992348846
-0.79,0.613106842,-0.125082351,-0.992146363
-0.791,0.611816149,-0.126702116,-0.991940812
-0.792,0.610521089,-0.128324969,-0.991732173
-0.793,0.609221635,-0.129950928,-0.991520427
-0.794,0.607917758,-0.131580015,-0.991305553
-0.795,0.60660943,-0.13321225,-0.991087532
-0.796,0.605296622,-0.134847652,-0.990866344
-0.797,0.603979304,-0.136486243,-0.990641966
-0.798,0.602657448,-0.138128043,-0.99041438
-0.799,0.601331024,-0.139773074,-0.990183563
-0.8,0.6,-0.141421356,-0.989949494
-0.801,0.598664347,-0.143072913,-0.989712151
-0.802,0.597324033,-0.144727764,-0.989471513
-0.803,0.595979026,-0.146385934,-0.989227556
-0.804,0.594629296,-0.148047444,-0.98898026
-0.805,0.59327481,-0.149712318,-0.9887296
-0.806,0.591915535,-0.151380577,-0.988475554
-0.807,0.590551437,-0.153052247,-0.988218098
-0.808,0.589182484,-0.154727349,-0.987957209
-0.809,0.587808642,-0.156405909,-0.987692863
-0.81,0.586429876,-0.15808795,-0.987425035
-0.811,0.585046152,-0.159773498,-0.987153701
-0.812,0.583657434,-0.161462577,-0.986878836
-0.813,0.582263686,-0.163155212,-0.986600414
-0.814,0.580864872,-0.16485143,-0.98631841
-0.815,0.579460956,-0.166551255,-0.986032798
-0.816,0.578051901,-0.168254715,-0.985743552
-0.817,0.576637668,-0.169961835,-0.985450645
-0.818,0.575218219,-0.171672643,-0.985154051
-0.819,0.573793517,-0.173387167,-0.984853741
-0.82,0.572363521,-0.175105434,-0.984549687
-0.821,0.570928192,-0.176827471,-0.984241863
-0.822,0.569487489,-0.178553309,-0.983930239
-0.823,0.568041372,-0.180282975,-0.983614787
-0.824,0.566589799,-0.182016499,-0.983295477
-0.825,0.565132728,-0.18375391,-0.982972279
-0.826,0.563670116,-0.18549524,-0.982645163
-0.827,0.562201921,-0.187240517,-0.982314099
-0.828,0.560728098,-0.188989774,-0.981979055
-0.829,0.559248603,-0.190743042,-0.981640001
-0.83,0.557763391,-0.192500353,-0.981296904
-0.831,0.556272415,-0.194261738,-0.980949732
-0.832,0.55477563,-0.196027232,-0.980598452
-0.833,0.553272989,-0.197796867,-0.980243031
-0.834,0.551764442,-0.199570677,-0.979883434
-0.835,0.550249943,-0.201348696,-0.979519628
-0.836,0.548729442,-0.20313096,-0.979151578
-0.837,0.547202887,-0.204917503,-0.978779248
-0.838,0.54567023,-0.206708363,-0.978402603
-0.839,0.544131418,-0.208503574,-0.978021605
-0.84,0.542586399,-0.210303174,-0.977636218
-0.841,0.541035119,-0.212107201,-0.977246404
-0.842,0.539477525,-0.213915694,-0.976852126
-0.843,0.537913562,-0.215728689,-0.976453344
-0.844,0.536343174,-0.217546228,-0.976050019
-0.845,0.534766304,-0.21936835,-0.97564211
-0.846,0.533182895,-0.221195096,-0.975229578
-0.847,0.531592889,-0.223026507,-0.974812381
-0.848,0.529996226,-0.224862625,-0.974390476
-0.849,0.528392846,-0.226703492,-0.973963822
-0.85,0.526782688,-0.228549153,-0.973532375
-0.851,0.525165688,-0.230399651,-0.97309609
-0.852,0.523541784,-0.232255032,-0.972654924
-0.853,0.521910912,-0.234115339,-0.972208829
-0.854,0.520273005,-0.235980621,-0.971757761
-0.855,0.518627998,-0.237850924,-0.971301672
-0.856,0.516975821,-0.239726296,-0.970840514
-0.857,0.515316408,-0.241606785,-0.970374238
-0.858,0.513649686,-0.243492442,-0.969902794
-0.859,0.511975585,-0.245383317,-0.969426133
-0.86,0.510294033,-0.247279461,-0.968944203
-0.861,0.508604955,-0.249180926,-0.968456951
-0.862,0.506908276,-0.251087766,-0.967964325
-0.863,0.505203919,-0.253000035,-0.967466269
-0.864,0.503491807,-0.254917788,-0.96696273
-0.865,0.501771861,-0.256841081,-0.966453651
-0.866,0.500043998,-0.258769971,-0.965938974
-0.867,0.498308138,-0.260704516,-0.965418643
-0.868,0.496564195,-0.262644776,-0.964892596
-0.869,0.494812086,-0.264590812,-0.964360774
-0.87,0.493051721,-0.266542684,-0.963823115
-0.871,0.491283014,-0.268500456,-0.963279557
-0.872,0.489505873,-0.270464191,-0.962730036
-0.873,0.487720207,-0.272433955,-0.962174485
-0.874,0.48592592,-0.274409813,-0.96161284
-0.875,0.484122918,-0.276391835,-0.961045032
-0.876,0.482311103,-0.278380089,-0.960470992
-0.877,0.480490375,-0.280374645,-0.959890649
-0.878,0.478660631,-0.282375576,-0.959303932
-0.879,0.47682177,-0.284382954,-0.958710767
-0.88,0.474973683,-0.286396855,-0.95811108
-0.881,0.473116265,-0.288417355,-0.957504793
-0.882,0.471249403,-0.290444532,-0.95689183
-0.883,0.469372986,-0.292478466,-0.956272109
-0.884,0.467486898,-0.294519239,-0.95564555
-0.885,0.465591022,-0.296566932,-0.95501207
-0.886,0.463685238,-0.298621632,-0.954371584
-0.887,0.461769423,-0.300683425,-0.953724005
-0.888,0.459843452,-0.302752399,-0.953069245
-0.889,0.457907196,-0.304828645,-0.952407212
-0.89,0.455960525,-0.306912256,-0.951737814
-0.891,0.454003304,-0.309003327,-0.951060957
-0.892,0.452035397,-0.311101954,-0.950376543
-0.893,0.450056663,-0.313208237,-0.949684474
-0.894,0.448066959,-0.315322277,-0.948984648
-0.895,0.446066139,-0.317444178,-0.948276961
-0.896,0.444054051,-0.319574045,-0.947561306
-0.897,0.442030542,-0.321711989,-0.946837576
-0.898,0.439995455,-0.32385812,-0.946105659
-0.899,0.437948627,-0.326012552,-0.94536544
-0.9,0.435889894,-0.328175403,-0.944616803
-0.901,0.433819087,-0.330346792,-0.943859628
-0.902,0.43173603,-0.332526842,-0.943093791
-0.903,0.429640547,-0.334715679,-0.942319168
-0.904,0.427532455,-0.336913432,-0.941535628
-0.905,0.425411565,-0.339120234,-0.94074304
-0.906,0.423277687,-0.341336221,-0.939941266
-0.907,0.421130621,-0.343561533,-0.939130168
-0.908,0.418970166,-0.345796312,-0.938309603
-0.909,0.416796113,-0.348040706,-0.937479422
-0.91,0.414608249,-0.350294867,-0.936639475
-0.911,0.412406353,-0.352558949,-0.935789606
-0.912,0.4101902,-0.354833113,-0.934929656
-0.913,0.407959557,-0.357117522,-0.93405946
-0.914,0.405714185,-0.359412346,-0.93317885
-0.915,0.403453839,-0.36171776,-0.93228765
-0.916,0.401178265,-0.36403394,-0.931385683
-0.917,0.398887202,-0.366361073,-0.930472764
-0.918,0.396580383,-0.368699347,-0.929548703
-0.919,0.39425753,-0.371048959,-0.928613305
-0.92,0.391918359,-0.373410109,-0.927666368
-0.921,0.389562575,-0.375783007,-0.926707684
-0.922,0.387189876,-0.378167865,-0.925737039
-0.923,0.384799948,-0.380564906,-0.924754212
-0.924,0.382392469,-0.382974358,-0.923758973
-0.925,0.379967104,-0.385396457,-0.922751088
-0.926,0.377523509,-0.387831446,-0.921730313
-0.927,0.375061328,-0.390279578,-0.920696395
-0.928,0.372580193,-0.392741112,-0.919649074
-0.929,0.370079721,-0.395216319,-0.91858808
-0.93,0.367559519,-0.397705478,-0.917513135
-0.931,0.365019178,-0.400208878,-0.916423949
-0.932,0.362458273,-0.402726817,-0.915320223
-0.933,0.359876368,-0.405259607,-0.914201647
-0.934,0.357273005,-0.407807569,-0.913067898
-0.935,0.354647713,-0.410371038,-0.911918643
-0.936,0.352,-0.41295036,-0.910753534
-0.937,0.349329357,-0.415545896,-0.909572212
-0.938,0.346635255,-0.418158021,-0.9083743
-0.939,0.343917141,-0.420787125,-0.90715941
-0.94,0.341174442,-0.423433613,-0.905927136
-0.941,0.33840656,-0.426097908,-0.904677055
-0.942,0.335612872,-0.42878045,-0.903408726
-0.943,0.332792728,-0.4314817,-0.90212169
-0.944,0.32994545,-0.434202136,-0.900815467
-0.945,0.327070329,-0.436942261,-0.899489556
-0.946,0.324166624,-0.439702597,-0.898143433
-0.947,0.32123356,-0.442483693,-0.89677655
-0.948,0.318270325,-0.445286123,-0.895388334
-0.949,0.31527607,-0.448110489,-0.893978182
-0.95,0.3122499,-0.45095742,-0.892545464
-0.951,0.30919088,-0.453827581,-0.891089517
-0.952,0.306098024,-0.456721668,-0.889609644
-0.953,0.302970296,-0.459640412,-0.888105113
-0.954,0.299806604,-0.462584586,-0.886575152
-0.955,0.296605799,-0.465555004,-0.885018948
-0.956,0.293366665,-0.468552525,-0.883435641
-0.957,0.290087918,-0.471578056,-0.881824323
-0.958,0.286768199,-0.474632558,-0.880184035
-0.959,0.283406069,-0.47771705,-0.878513756
-0.96,0.28,-0.480832611,-0.876812409
-0.961,0.276548368,-0.48398039,-0.875078843
-0.962,0.273049446,-0.487161609,-0.873311838
-0.963,0.269501391,-0.490377569,-0.871510092
-0.964,0.265902238,-0.493629662,-0.869672212
-0.965,0.262249881,-0.496919375,-0.867796713
-0.966,0.258542066,-0.500248302,-0.865881999
-0.967,0.254776373,-0.503618157,-0.863926358
-0.968,0.250950194,-0.50703078,-0.861927948
-0.969,0.247060721,-0.51048816,-0.859884782
-0.97,0.243104916,-0.513992443,-0.857794712
-0.971,0.239079485,-0.51754596,-0.855655409
-0.972,0.23498085,-0.521151239,-0.853464344
-0.973,0.230805113,-0.524811038,-0.851218758
-0.974,0.226548008,-0.528528372,-0.848915638
-0.975,0.22220486,-0.532306548,-0.846551675
-0.976,0.217770521,-0.536149206,-0.844123231
-0.977,0.213239302,-0.540060369,-0.841626282
-0.978,0.20860489,-0.5440445,-0.839056364
-0.979,0.203860246,-0.548106576,-0.836408501
-0.98,0.198997487,-0.552252173,-0.833677118
-0.981,0.194007732,-0.55648757,-0.830855935
-0.982,0.188880915,-0.560819883,-0.827937835
-0.983,0.183605555,-0.565257233,-0.824914699
-0.984,0.17816846,-0.569808947,-0.821777199
-0.985,0.172554339,-0.574485836,-0.818514523
-0.986,0.166745315,-0.579300543,-0.815114029
-0.987,0.160720254,-0.584268012,-0.811560774
-0.988,0.154453877,-0.589406116,-0.807836883
-0.989,0.147915516,-0.594736542,-0.803920671
-0.99,0.14106736,-0.600286027,-0.7997854
-0.991,0.133861869,-0.606088185,-0.795397456
-0.992,0.126237871,-0.612186273,-0.790713581
-0.993,0.118114351,-0.618637575,-0.785676493
-0.994,0.109380071,-0.62552075,-0.780207531
-0.995,0.099874922,-0.632949013,-0.774193482
-0.996,0.089353232,-0.641096078,-0.76746063
-0.997,0.07740155,-0.6502543,-0.759716622
-0.998,0.063213923,-0.660993574,-0.750391561
-0.999,0.044710178,-0.674784804,-0.738014544
-1,0,-0.707106781,-0.707106781
