1,0,0,1
0.999,0.044710178,0.044710178,0.999
0.998,0.063213923,0.063213923,0.998
0.997,0.07740155,0.07740155,0.997
0.996,0.089353232,0.089353232,0.996
0.995,0.099874922,0.099874922,0.995
0.994,0.109380071,0.109380071,0.994
0.993,0.118114351,0.118114351,0.993
0.992,0.126237871,0.126237871,0.992
0.991,0.133861869,0.133861869,0.991
0.99,0.14106736,0.14106736,0.99
0.989,0.147915516,0.147915516,0.989
0.988,0.154453877,0.154453877,0.988
0.987,0.160720254,0.160720254,0.987
0.986,0.166745315,0.166745315,0.986
0.985,0.172554339,0.172554339,0.985
0.984,0.17816846,0.17816846,0.984
0.983,0.183605555,0.183605555,0.983
0.982,0.188880915,0.188880915,0.982
0.981,0.194007732,0.194007732,0.981
0.98,0.198997487,0.198997487,0.98
0.979,0.203860246,0.203860246,0.979
0.978,0.20860489,0.20860489,0.978
0.977,0.213239302,0.213239302,0.977
0.976,0.217770521,0.217770521,0.976
0.975,0.22220486,0.22220486,0.975
0.974,0.226548008,0.226548008,0.974
0.973,0.230805113,0.230805113,0.973
0.972,0.23498085,0.23498085,0.972
0.971,0.239079485,0.239079485,0.971
0.97,0.243104916,0.243104916,0.97
0.969,0.247060721,0.247060721,0.969
0.968,0.250950194,0.250950194,0.968
0.967,0.254776373,0.254776373,0.967
0.966,0.258542066,0.258542066,0.966
0.965,0.262249881,0.262249881,0.965
0.964,0.265902238,0.265902238,0.964
0.963,0.269501391,0.269501391,0.963
0.962,0.273049446,0.273049446,0.962
0.961,0.276548368,0.276548368,0.961
0.96,0.28,0.28,0.96
0.959,0.283406069,0.283406069,0.959
0.958,0.286768199,0.286768199,0.958
0.957,0.290087918,0.290087918,0.957
0.956,0.293366665,0.293366665,0.956
0.955,0.296605799,0.296605799,0.955
0.954,0.299806604,0.299806604,0.954
0.953,0.302970296,0.302970296,0.953
0.952,0.306098024,0.306098024,0.952
0.951,0.30919088,0.30919088,0.951
0.95,0.3122499,0.3122499,0.95
0.949,0.31527607,0.31527607,0.949
0.948,0.318270325,0.318270325,0.948
0.947,0.32123356,0.32123356,0.947
0.946,0.324166624,0.324166624,0.946
0.945,0.327070329,0.327070329,0.945
0.944,0.32994545,0.32994545,0.944
0.943,0.332792728,0.332792728,0.943
0.942,0.335612872,0.335612872,0.942
0.941,0.33840656,0.33840656,0.941
0.94,0.341174442,0.341174442,0.94
0.939,0.343917141,0.343917141,0.939
0.938,0.346635255,0.346635255,0.938
0.937,0.349329357,0.349329357,0.937
0.936,0.352,0.352,0.936
0.935,0.354647713,0.354647713,0.935
0.934,0.357273005,0.357273005,0.934
0.933,0.359876368,0.359876368,0.933
0.932,0.362458273,0.362458273,0.932
0.931,0.365019178,0.365019178,0.931
0.93,0.367559519,0.367559519,0.93
0.929,0.370079721,0.370079721,0.929
0.928,0.372580193,0.372580193,0.928
0.927,0.375061328,0.375061328,0.927
0.926,0.377523509,0.377523509,0.926
0.925,0.379967104,0.379967104,0.925
0.924,0.382392469,0.382392469,0.924
0.923,0.384799948,0.384799948,0.923
0.922,0.387189876,0.387189876,0.922
0.921,0.389562575,0.389562575,0.921
0.92,0.391918359,0.391918359,0.92
0.919,0.39425753,0.39425753,0.919
0.918,0.396580383,0.396580383,0.918
0.917,0.398887202,0.398887202,0.917
0.916,0.401178265,0.401178265,0.916
0.915,0.403453839,0.403453839,0.915
0.914,0.405714185,0.405714185,0.914
0.913,0.407959557,0.407959557,0.913
0.912,0.4101902,0.4101902,0.912
0.911,0.412406353,0.412406353,0.911
0.91,0.414608249,0.414608249,0.91
0.909,0.416796113,0.416796113,0.909
0.908,0.418970166,0.418970166,0.908
0.907,0.421130621,0.421130621,0.907
0.906,0.423277687,0.423277687,0.906
0.905,0.425411565,0.425411565,0.905
0.904,0.427532455,0.427532455,0.904
0.903,0.429640547,0.429640547,0.903
0.902,0.43173603,0.43173603,0.902
0.901,0.433819087,0.433819087,0.901
0.9,0.435889894,0.435889894,0.9
0.899,0.437948627,0.437948627,0.899
0.898,0.439995455,0.439995455,0.898
0.897,0.442030542,0.442030542,0.897
0.896,0.444054051,0.444054051,0.896
0.895,0.446066139,0.446066139,0.895
0.894,0.448066959,0.448066959,0.894
0.893,0.450056663,0.450056663,0.893
0.892,0.452035397,0.452035397,0.892
0.891,0.454003304,0.454003304,0.891
0.89,0.455960525,0.455960525,0.89
0.889,0.457907196,0.457907196,0.889
0.888,0.459843452,0.459843452,0.888
0.887,0.461769423,0.461769423,0.887
0.886,0.463685238,0.463685238,0.886
0.885,0.465591022,0.465591022,0.885
0.884,0.467486898,0.467486898,0.884
0.883,0.469372986,0.469372986,0.883
0.882,0.471249403,0.471249403,0.882
0.881,0.473116265,0.473116265,0.881
0.88,0.474973683,0.474973683,0.88
0.879,0.47682177,0.47682177,0.879
0.878,0.478660631,0.478660631,0.878
0.877,0.480490375,0.480490375,0.877
0.876,0.482311103,0.482311103,0.876
0.875,0.484122918,0.484122918,0.875
0.874,0.48592592,0.48592592,0.874
0.873,0.487720207,0.487720207,0.873
0.872,0.489505873,0.489505873,0.872
0.871,0.491283014,0.491283014,0.871
0.87,0.493051721,0.493051721,0.87
0.869,0.494812086,0.494812086,0.869
0.868,0.496564195,0.496564195,0.868
0.867,0.498308138,0.498308138,0.867
0.866,0.500043998,0.500043998,0.866
0.865,0.501771861,0.501771861,0.865
0.864,0.503491807,0.503491807,0.864
0.863,0.505203919,0.505203919,0.863
0.862,0.506908276,0.506908276,0.862
0.861,0.508604955,0.508604955,0.861
0.86,0.510294033,0.510294033,0.86
0.859,0.511975585,0.511975585,0.859
0.858,0.513649686,0.513649686,0.858
0.857,0.515316408,0.515316408,0.857
0.856,0.516975821,0.516975821,0.856
0.855,0.518627998,0.518627998,0.855
0.854,0.520273005,0.520273005,0.854
0.853,0.521910912,0.521910912,0.853
0.852,0.523541784,0.523541784,0.852
0.851,0.525165688,0.525165688,0.851
0.85,0.526782688,0.526782688,0.85
0.849,0.528392846,0.528392846,0.849
0.848,0.529996226,0.529996226,0.848
0.847,0.531592889,0.531592889,0.847
0.846,0.533182895,0.533182895,0.846
0.845,0.534766304,0.534766304,0.845
0.844,0.536343174,0.536343174,0.844
0.843,0.537913562,0.537913562,0.843
0.842,0.539477525,0.539477525,0.842
0.841,0.541035119,0.541035119,0.841
0.84,0.542586399,0.542586399,0.84
0.839,0.544131418,0.544131418,0.839
0.838,0.54567023,0.54567023,0.838
0.837,0.547202887,0.547202887,0.837
0.836,0.548729442,0.548729442,0.836
0.835,0.550249943,0.550249943,0.835
0.834,0.551764442,0.551764442,0.834
0.833,0.553272989,0.553272989,0.833
0.832,0.55477563,0.55477563,0.832
0.831,0.556272415,0.556272415,0.831
0.83,0.557763391,0.557763391,0.83
0.829,0.559248603,0.559248603,0.829
0.828,0.560728098,0.560728098,0.828
0.827,0.562201921,0.562201921,0.827
0.826,0.563670116,0.563670116,0.826
0.825,0.565132728,0.565132728,0.825
0.824,0.566589799,0.566589799,0.824
0.823,0.568041372,0.568041372,0.823
0.822,0.569487489,0.569487489,0.822
0.821,0.570928192,0.570928192,0.821
0.82,0.572363521,0.572363521,0.82
0.819,0.573793517,0.573793517,0.819
0.818,0.575218219,0.575218219,0.818
0.817,0.576637668,0.576637668,0.817
0.816,0.578051901,0.578051901,0.816
0.815,0.579460956,0.579460956,0.815
0.814,0.580864872,0.580864872,0.814
0.813,0.582263686,0.582263686,0.813
0.812,0.583657434,0.583657434,0.812
0.811,0.585046152,0.585046152,0.811
0.81,0.586429876,0.586429876,0.81
0.809,0.587808642,0.587808642,0.809
0.808,0.589182484,0.589182484,0.808
0.807,0.590551437,0.590551437,0.807
0.806,0.591915535,0.591915535,0.806
0.805,0.59327481,0.59327481,0.805
0.804,0.594629296,0.594629296,0.804
0.803,0.595979026,0.595979026,0.803
0.802,0.597324033,0.597324033,0.802
0.801,0.598664347,0.598664347,0.801
0.8,0.6,0.6,0.8
0.799,0.601331024,0.601331024,0.799
0.798,0.602657448,0.602657448,0.798
0.797,0.603979304,0.603979304,0.797
0.796,0.605296622,0.605296622,0.796
0.795,0.60660943,0.60660943,0.795
0.794,0.607917758,0.607917758,0.794
0.793,0.609221635,0.609221635,0.793
0.792,0.610521089,0.610521089,0.792
0.791,0.611816149,0.611816149,0.791
0.79,0.613106842,0.613106842,0.79
0.789,0.614393197,0.614393197,0.789
0.788,0.615675239,0.615675239,0.788
0.787,0.616952997,0.616952997,0.787
0.786,0.618226496,0.618226496,0.786
0.785,0.619495763,0.619495763,0.785
0.784,0.620760824,0.620760824,0.784
0.783,0.622021704,0.622021704,0.783
0.782,0.623278429,0.623278429,0.782
0.781,0.624531024,0.624531024,0.781
0.78,0.625779514,0.625779514,0.78
0.779,0.627023923,0.627023923,0.779
0.778,0.628264276,0.628264276,0.778
0.777,0.629500596,0.629500596,0.777
0.776,0.630732907,0.630732907,0.776
0.775,0.631961233,0.631961233,0.775
0.774,0.633185597,0.633185597,0.774
0.773,0.634406021,0.634406021,0.773
0.772,0.635622529,0.635622529,0.772
0.771,0.636835144,0.636835144,0.771
0.77,0.638043886,0.638043886,0.77
0.769,0.639248778,0.639248778,0.769
0.768,0.640449842,0.640449842,0.768
0.767,0.641647099,0.641647099,0.767
0.766,0.642840571,0.642840571,0.766
0.765,0.644030279,0.644030279,0.765
0.764,0.645216243,0.645216243,0.764
0.763,0.646398484,0.646398484,0.763
0.762,0.647577022,0.647577022,0.762
0.761,0.648751879,0.648751879,0.761
0.76,0.649923072,0.649923072,0.76
0.759,0.651090623,0.651090623,0.759
0.758,0.652254552,0.652254552,0.758
0.757,0.653414876,0.653414876,0.757
0.756,0.654571616,0.654571616,0.756
0.755,0.65572479,0.65572479,0.755
0.754,0.656874417,0.656874417,0.754
0.753,0.658020516,0.658020516,0.753
0.752,0.659163106,0.659163106,0.752
0.751,0.660302204,0.660302204,0.751
0.75,0.661437828,0.661437828,0.75
0.749,0.662569996,0.662569996,0.749
0.748,0.663698727,0.663698727,0.748
0.747,0.664824037,0.664824037,0.747
0.746,0.665945944,0.665945944,0.746
0.745,0.667064465,0.667064465,0.745
0.744,0.668179617,0.668179617,0.744
0.743,0.669291416,0.669291416,0.743
0.742,0.670399881,0.670399881,0.742
0.741,0.671505026,0.671505026,0.741
0.74,0.672606869,0.672606869,0.74
0.739,0.673705425,0.673705425,0.739
0.738,0.674800711,0.674800711,0.738
0.737,0.675892743,0.675892743,0.737
0.736,0.676981536,0.676981536,0.736
0.735,0.678067106,0.678067106,0.735
0.734,0.679149468,0.679149468,0.734
0.733,0.680228638,0.680228638,0.733
0.732,0.681304631,0.681304631,0.732
0.731,0.682377462,0.682377462,0.731
0.73,0.683447145,0.683447145,0.73
0.729,0.684513696,0.684513696,0.729
0.728,0.685577129,0.685577129,0.728
0.727,0.686637459,0.686637459,0.727
0.726,0.6876947,0.6876947,0.726
0.725,0.688748866,0.688748866,0.725
0.724,0.689799971,0.689799971,0.724
0.723,0.69084803,0.69084803,0.723
0.722,0.691893055,0.691893055,0.722
0.721,0.692935062,0.692935062,0.721
0.72,0.693974063,0.693974063,0.72
0.719,0.695010072,0.695010072,0.719
0.718,0.696043102,0.696043102,0.718
0.717,0.697073167,0.697073167,0.717
0.716,0.698100279,0.698100279,0.716
0.715,0.699124452,0.699124452,0.715
0.714,0.700145699,0.700145699,0.714
0.713,0.701164032,0.701164032,0.713
0.712,0.702179464,0.702179464,0.712
0.711,0.703192008,0.703192008,0.711
0.71,0.704201676,0.704201676,0.71
0.709,0.70520848,0.70520848,0.709
0.708,0.706212433,0.706212433,0.708
0.707,0.707213546,0.707213546,0.707
0.706,0.708211833,0.708211833,0.706
0.705,0.709207304,0.709207304,0.705
0.704,0.710199972,0.710199972,0.704
0.703,0.711189848,0.711189848,0.703
0.702,0.712176944,0.712176944,0.702
0.701,0.713161272,0.713161272,0.701
0.7,0.714142843,0.714142843,0.7
0.699,0.715121668,0.715121668,0.699
0.698,0.716097759,0.716097759,0.698
0.697,0.717071126,0.717071126,0.697
0.696,0.718041782,0.718041782,0.696
0.695,0.719009736,0.719009736,0.695
0.694,0.719975,0.719975,0.694
0.693,0.720937584,0.720937584,0.693
0.692,0.7218975,0.7218975,0.692
0.691,0.722854757,0.722854757,0.691
0.69,0.723809367,0.723809367,0.69
0.689,0.72476134,0.72476134,0.689
0.688,0.725710686,0.725710686,0.688
0.687,0.726657416,0.726657416,0.687
0.686,0.727601539,0.727601539,0.686
0.685,0.728543067,0.728543067,0.685
0.684,0.729482008,0.729482008,0.684
0.683,0.730418373,0.730418373,0.683
0.682,0.731352172,0.731352172,0.682
0.681,0.732283415,0.732283415,0.681
0.68,0.733212111,0.733212111,0.68
0.679,0.73413827,0.73413827,0.679
0.678,0.735061902,0.735061902,0.678
0.677,0.735983016,0.735983016,0.677
0.676,0.736901622,0.736901622,0.676
0.675,0.737817728,0.737817728,0.675
0.674,0.738731345,0.738731345,0.674
0.673,0.739642481,0.739642481,0.673
0.672,0.740551146,0.740551146,0.672
0.671,0.741457349,0.741457349,0.671
0.67,0.742361098,0.742361098,0.67
0.669,0.743262403,0.743262403,0.669
0.668,0.744161273,0.744161273,0.668
0.667,0.745057716,0.745057716,0.667
0.666,0.745951741,0.745951741,0.666
0.665,0.746843357,0.746843357,0.665
0.664,0.747732573,0.747732573,0.664
0.663,0.748619396,0.748619396,0.663
0.662,0.749503836,0.749503836,0.662
0.661,0.750385901,0.750385901,0.661
0.66,0.751265599,0.751265599,0.66
0.659,0.752142939,0.752142939,0.659
0.658,0.753017928,0.753017928,0.658
0.657,0.753890576,0.753890576,0.657
0.656,0.754760889,0.754760889,0.656
0.655,0.755628877,0.755628877,0.655
0.654,0.756494547,0.756494547,0.654
0.653,0.757357907,0.757357907,0.653
0.652,0.758218966,0.758218966,0.652
0.651,0.75907773,0.75907773,0.651
0.65,0.759934208,0.759934208,0.65
0.649,0.760788407,0.760788407,0.649
0.648,0.761640335,0.761640335,0.648
0.647,0.76249,0.76249,0.647
0.646,0.763337409,0.763337409,0.646
0.645,0.76418257,0.76418257,0.645
0.644,0.76502549,0.76502549,0.644
0.643,0.765866176,0.765866176,0.643
0.642,0.766704637,0.766704637,0.642
0.641,0.767540878,0.767540878,0.641
0.64,0.768374908,0.768374908,0.64
0.639,0.769206734,0.769206734,0.639
0.638,0.770036363,0.770036363,0.638
0.637,0.770863801,0.770863801,0.637
0.636,0.771689057,0.771689057,0.636
0.635,0.772512136,0.772512136,0.635
0.634,0.773333046,0.773333046,0.634
0.633,0.774151794,0.774151794,0.633
0.632,0.774968386,0.774968386,0.632
0.631,0.77578283,0.77578283,0.631
0.63,0.776595133,0.776595133,0.63
0.629,0.7774053,0.7774053,0.629
0.628,0.778213338,0.778213338,0.628
0.627,0.779019255,0.779019255,0.627
0.626,0.779823057,0.779823057,0.626
0.625,0.78062475,0.78062475,0.625
0.624,0.781424341,0.781424341,0.624
0.623,0.782221836,0.782221836,0.623
0.622,0.783017241,0.783017241,0.622
0.621,0.783810564,0.783810564,0.621
0.62,0.78460181,0.78460181,0.62
0.619,0.785390985,0.785390985,0.619
0.618,0.786178097,0.786178097,0.618
0.617,0.78696315,0.78696315,0.617
0.616,0.787746152,0.787746152,0.616
0.615,0.788527108,0.788527108,0.615
0.614,0.789306024,0.789306024,0.614
0.613,0.790082907,0.790082907,0.613
0.612,0.790857762,0.790857762,0.612
0.611,0.791630596,0.791630596,0.611
0.61,0.792401413,0.792401413,0.61
0.609,0.793170221,0.793170221,0.609
0.608,0.793937025,0.793937025,0.608
0.607,0.794701831,0.794701831,0.607
0.606,0.795464644,0.795464644,0.606
0.605,0.796225471,0.796225471,0.605
0.604,0.796984316,0.796984316,0.604
0.603,0.797741186,0.797741186,0.603
0.602,0.798496086,0.798496086,0.602
0.601,0.799249023,0.799249023,0.601
0.6,0.8,0.8,0.6
0.599,0.800749024,0.800749024,0.599
0.598,0.801496101,0.801496101,0.598
0.597,0.802241236,0.802241236,0.597
0.596,0.802984433,0.802984433,0.596
0.595,0.803725699,0.803725699,0.595
0.594,0.80446504,0.80446504,0.594
0.593,0.805202459,0.805202459,0.593
0.592,0.805937963,0.805937963,0.592
0.591,0.806671556,0.806671556,0.591
0.59,0.807403245,0.807403245,0.59
0.589,0.808133034,0.808133034,0.589
0.588,0.808860927,0.808860927,0.588
0.587,0.809586932,0.809586932,0.587
0.586,0.810311051,0.810311051,0.586
0.585,0.811033292,0.811033292,0.585
0.584,0.811753657,0.811753657,0.584
0.583,0.812472153,0.812472153,0.583
0.582,0.813188785,0.813188785,0.582
0.581,0.813903557,0.813903557,0.581
0.58,0.814616474,0.814616474,0.58
0.579,0.815327542,0.815327542,0.579
0.578,0.816036764,0.816036764,0.578
0.577,0.816744146,0.816744146,0.577
0.576,0.817449693,0.817449693,0.576
0.575,0.818153409,0.818153409,0.575
0.574,0.818855299,0.818855299,0.574
0.573,0.819555367,0.819555367,0.573
0.572,0.820253619,0.820253619,0.572
0.571,0.820950059,0.820950059,0.571
0.57,0.821644692,0.821644692,0.57
0.569,0.822337522,0.822337522,0.569
0.568,0.823028554,0.823028554,0.568
0.567,0.823717791,0.823717791,0.567
0.566,0.82440524,0.82440524,0.566
0.565,0.825090904,0.825090904,0.565
0.564,0.825774788,0.825774788,0.564
0.563,0.826456895,0.826456895,0.563
0.562,0.827137232,0.827137232,0.562
0.561,0.827815801,0.827815801,0.561
0.56,0.828492607,0.828492607,0.56
0.559,0.829167655,0.829167655,0.559
0.558,0.829840949,0.829840949,0.558
0.557,0.830512492,0.830512492,0.557
0.556,0.83118229,0.83118229,0.556
0.555,0.831850347,0.831850347,0.555
0.554,0.832516666,0.832516666,0.554
0.553,0.833181253,0.833181253,0.553
0.552,0.83384411,0.83384411,0.552
0.551,0.834505243,0.834505243,0.551
0.55,0.835164654,0.835164654,0.55
0.549,0.83582235,0.83582235,0.549
0.548,0.836478332,0.836478332,0.548
0.547,0.837132606,0.837132606,0.547
0.546,0.837785175,0.837785175,0.546
0.545,0.838436044,0.838436044,0.545
0.544,0.839085216,0.839085216,0.544
0.543,0.839732696,0.839732696,0.543
0.542,0.840378486,0.840378486,0.542
0.541,0.841022592,0.841022592,0.541
0.54,0.841665017,0.841665017,0.54
0.539,0.842305764,0.842305764,0.539
0.538,0.842944838,0.842944838,0.538
0.537,0.843582243,0.843582243,0.537
0.536,0.844217981,0.844217981,0.536
0.535,0.844852058,0.844852058,0.535
0.534,0.845484476,0.845484476,0.534
0.533,0.84611524,0.84611524,0.533
0.532,0.846744353,0.846744353,0.532
0.531,0.847371819,0.847371819,0.531
0.53,0.847997642,0.847997642,0.53
0.529,0.848621824,0.848621824,0.529
0.528,0.84924437,0.84924437,0.528
0.527,0.849865283,0.849865283,0.527
0.526,0.850484568,0.850484568,0.526
0.525,0.851102227,0.851102227,0.525
0.524,0.851718263,0.851718263,0.524
0.523,0.852332682,0.852332682,0.523
0.522,0.852945485,0.852945485,0.522
0.521,0.853556677,0.853556677,0.521
0.52,0.85416626,0.85416626,0.52
0.519,0.854774239,0.854774239,0.519
0.518,0.855380617,0.855380617,0.518
0.517,0.855985397,0.855985397,0.517
0.516,0.856588583,0.856588583,0.516
0.515,0.857190177,0.857190177,0.515
0.514,0.857790184,0.857790184,0.514
0.513,0.858388607,0.858388607,0.513
0.512,0.858985448,0.858985448,0.512
0.511,0.859580712,0.859580712,0.511
0.51,0.860174401,0.860174401,0.51
0.509,0.860766519,0.860766519,0.509
0.508,0.861357069,0.861357069,0.508
0.507,0.861946054,0.861946054,0.507
0.506,0.862533478,0.862533478,0.506
0.505,0.863119343,0.863119343,0.505
0.504,0.863703653,0.863703653,0.504
0.503,0.864286411,0.864286411,0.503
0.502,0.86486762,0.86486762,0.502
0.501,0.865447283,0.865447283,0.501
0.5,0.866025404,0.866025404,0.5
0.499,0.866601985,0.866601985,0.499
0.498,0.867177029,0.867177029,0.498
0.497,0.86775054,0.86775054,0.497
0.496,0.868322521,0.868322521,0.496
0.495,0.868892974,0.868892974,0.495
0.494,0.869461903,0.869461903,0.494
0.493,0.87002931,0.87002931,0.493
0.492,0.870595199,0.870595199,0.492
0.491,0.871159572,0.871159572,0.491
0.49,0.871722433,0.871722433,0.49
0.489,0.872283784,0.872283784,0.489
0.488,0.872843629,0.872843629,0.488
0.487,0.873401969,0.873401969,0.487
0.486,0.873958809,0.873958809,0.486
0.485,0.874514151,0.874514151,0.485
0.484,0.875067997,0.875067997,0.484
0.483,0.875620352,0.875620352,0.483
0.482,0.876171216,0.876171216,0.482
0.481,0.876720594,0.876720594,0.481
0.48,0.877268488,0.877268488,0.48
0.479,0.877814901,0.877814901,0.479
0.478,0.878359835,0.878359835,0.478
0.477,0.878903294,0.878903294,0.477
0.476,0.87944528,0.87944528,0.476
0.475,0.879985795,0.879985795,0.475
0.474,0.880524843,0.880524843,0.474
0.473,0.881062427,0.881062427,0.473
0.472,0.881598548,0.881598548,0.472
0.471,0.88213321,0.88213321,0.471
0.47,0.882666415,0.882666415,0.47
0.469,0.883198166,0.883198166,0.469
0.468,0.883728465,0.883728465,0.468
0.467,0.884257315,0.884257315,0.467
0.466,0.88478472,0.88478472,0.466
0.465,0.88531068,0.88531068,0.465
0.464,0.885835199,0.885835199,0.464
0.463,0.88635828,0.88635828,0.463
0.462,0.886879924,0.886879924,0.462
0.461,0.887400135,0.887400135,0.461
0.46,0.887918915,0.887918915,0.46
0.459,0.888436267,0.888436267,0.459
0.458,0.888952192,0.888952192,0.458
0.457,0.889466694,0.889466694,0.457
0.456,0.889979775,0.889979775,0.456
0.455,0.890491437,0.890491437,0.455
0.454,0.891001684,0.891001684,0.454
0.453,0.891510516,0.891510516,0.453
0.452,0.892017937,0.892017937,0.452
0.451,0.892523949,0.892523949,0.451
0.45,0.893028555,0.893028555,0.45
0.449,0.893531757,0.893531757,0.449
0.448,0.894033556,0.894033556,0.448
0.447,0.894533957,0.894533957,0.447
0.446,0.89503296,0.89503296,0.446
0.445,0.895530569,0.895530569,0.445
0.444,0.896026785,0.896026785,0.444
0.443,0.896521612,0.896521612,0.443
0.442,0.89701505,0.89701505,0.442
0.441,0.897507103,0.897507103,0.441
0.44,0.897997773,0.897997773,0.44
0.439,0.898487062,0.898487062,0.439
0.438,0.898974972,0.898974972,0.438
0.437,0.899461506,0.899461506,0.437
0.436,0.899946665,0.899946665,0.436
0.435,0.900430453,0.900430453,0.435
0.434,0.90091287,0.90091287,0.434
0.433,0.901393921,0.901393921,0.433
0.432,0.901873605,0.901873605,0.432
0.431,0.902351927,0.902351927,0.431
0.43,0.902828887,0.902828887,0.43
0.429,0.903304489,0.903304489,0.429
0.428,0.903778734,0.903778734,0.428
0.427,0.904251624,0.904251624,0.427
0.426,0.904723162,0.904723162,0.426
0.425,0.90519335,0.90519335,0.425
0.424,0.905662189,0.905662189,0.424
0.423,0.906129682,0.906129682,0.423
0.422,0.906595831,0.906595831,0.422
0.421,0.907060637,0.907060637,0.421
0.42,0.907524104,0.907524104,0.42
0.419,0.907986233,0.907986233,0.419
0.418,0.908447027,0.908447027,0.418
0.417,0.908906486,0.908906486,0.417
0.416,0.909364613,0.909364613,0.416
0.415,0.909821411,0.909821411,0.415
0.414,0.910276881,0.910276881,0.414
0.413,0.910731025,0.910731025,0.413
0.412,0.911183845,0.911183845,0.412
0.411,0.911635344,0.911635344,0.411
0.41,0.912085522,0.912085522,0.41
0.409,0.912534383,0.912534383,0.409
0.408,0.912981928,0.912981928,0.408
0.407,0.913428158,0.913428158,0.407
0.406,0.913873077,0.913873077,0.406
0.405,0.914316685,0.914316685,0.405
0.404,0.914758985,0.914758985,0.404
0.403,0.915199978,0.915199978,0.403
0.402,0.915639667,0.915639667,0.402
0.401,0.916078053,0.916078053,0.401
0.4,0.916515139,0.916515139,0.4
0.399,0.916950926,0.916950926,0.399
0.398,0.917385415,0.917385415,0.398
0.397,0.91781861,0.91781861,0.397
0.396,0.91825051,0.91825051,0.396
0.395,0.91868112,0.91868112,0.395
0.394,0.91911044,0.91911044,0.394
0.393,0.919538471,0.919538471,0.393
0.392,0.919965217,0.919965217,0.392
0.391,0.920390678,0.920390678,0.391
0.39,0.920814857,0.920814857,0.39
0.389,0.921237754,0.921237754,0.389
0.388,0.921659373,0.921659373,0.388
0.387,0.922079715,0.922079715,0.387
0.386,0.92249878,0.92249878,0.386
0.385,0.922916573,0.922916573,0.385
0.384,0.923333093,0.923333093,0.384
0.383,0.923748342,0.923748342,0.383
0.382,0.924162323,0.924162323,0.382
0.381,0.924575038,0.924575038,0.381
0.38,0.924986486,0.924986486,0.38
0.379,0.925396672,0.925396672,0.379
0.378,0.925805595,0.925805595,0.378
0.377,0.926213258,0.926213258,0.377
0.376,0.926619663,0.926619663,0.376
0.375,0.927024811,0.927024811,0.375
0.374,0.927428703,0.927428703,0.374
0.373,0.927831342,0.927831342,0.373
0.372,0.928232729,0.928232729,0.372
0.371,0.928632866,0.928632866,0.371
0.37,0.929031754,0.929031754,0.37
0.369,0.929429395,0.929429395,0.369
0.368,0.92982579,0.92982579,0.368
0.367,0.930220941,0.930220941,0.367
0.366,0.930614851,0.930614851,0.366
0.365,0.931007519,0.931007519,0.365
0.364,0.931398948,0.931398948,0.364
0.363,0.931789139,0.931789139,0.363
0.362,0.932178095,0.932178095,0.362
0.361,0.932565815,0.932565815,0.361
0.36,0.932952303,0.932952303,0.36
0.359,0.93333756,0.93333756,0.359
0.358,0.933721586,0.933721586,0.358
0.357,0.934104384,0.934104384,0.357
0.356,0.934485955,0.934485955,0.356
0.355,0.934866301,0.934866301,0.355
0.354,0.935245422,0.935245422,0.354
0.353,0.935623322,0.935623322,0.353
0.352,0.936,0.936,0.352
0.351,0.936375459,0.936375459,0.351
0.35,0.9367497,0.9367497,0.35
0.349,0.937122724,0.937122724,0.349
0.348,0.937494533,0.937494533,0.348
0.347,0.937865129,0.937865129,0.347
0.346,0.938234512,0.938234512,0.346
0.345,0.938602685,0.938602685,0.345
0.344,0.938969648,0.938969648,0.344
0.343,0.939335403,0.939335403,0.343
0.342,0.939699952,0.939699952,0.342
0.341,0.940063296,0.940063296,0.341
0.34,0.940425436,0.940425436,0.34
0.339,0.940786373,0.940786373,0.339
0.338,0.94114611,0.94114611,0.338
0.337,0.941504647,0.941504647,0.337
0.336,0.941861986,0.941861986,0.336
0.335,0.942218128,0.942218128,0.335
0.334,0.942573074,0.942573074,0.334
0.333,0.942926826,0.942926826,0.333
0.332,0.943279386,0.943279386,0.332
0.331,0.943630754,0.943630754,0.331
0.33,0.943980932,0.943980932,0.33
0.329,0.944329921,0.944329921,0.329
0.328,0.944677723,0.944677723,0.328
0.327,0.945024338,0.945024338,0.327
0.326,0.945369769,0.945369769,0.326
0.325,0.945714016,0.945714016,0.325
0.324,0.946057081,0.946057081,0.324
0.323,0.946398964,0.946398964,0.323
0.322,0.946739669,0.946739669,0.322
0.321,0.947079194,0.947079194,0.321
0.32,0.947417543,0.947417543,0.32
0.319,0.947754715,0.947754715,0.319
0.318,0.948090713,0.948090713,0.318
0.317,0.948425537,0.948425537,0.317
0.316,0.94875919,0.94875919,0.316
0.315,0.949091671,0.949091671,0.315
0.314,0.949422983,0.949422983,0.314
0.313,0.949753126,0.949753126,0.313
0.312,0.950082102,0.950082102,0.312
0.311,0.950409912,0.950409912,0.311
0.31,0.950736557,0.950736557,0.31
0.309,0.951062038,0.951062038,0.309
0.308,0.951386357,0.951386357,0.308
0.307,0.951709515,0.951709515,0.307
0.306,0.952031512,0.952031512,0.306
0.305,0.952352351,0.952352351,0.305
0.304,0.952672032,0.952672032,0.304
0.303,0.952990556,0.952990556,0.303
0.302,0.953307925,0.953307925,0.302
0.301,0.95362414,0.95362414,0.301
0.3,0.953939201,0.953939201,0.3
0.299,0.954253111,0.954253111,0.299
0.298,0.95456587,0.95456587,0.298
0.297,0.954877479,0.954877479,0.297
0.296,0.95518794,0.95518794,0.296
0.295,0.955497253,0.955497253,0.295
0.294,0.95580542,0.95580542,0.294
0.293,0.956112441,0.956112441,0.293
0.292,0.956418319,0.956418319,0.292
0.291,0.956723053,0.956723053,0.291
0.29,0.957026645,0.957026645,0.29
0.289,0.957329097,0.957329097,0.289
0.288,0.957630409,0.957630409,0.288
0.287,0.957930582,0.957930582,0.287
0.286,0.958229618,0.958229618,0.286
0.285,0.958527517,0.958527517,0.285
0.284,0.95882428,0.95882428,0.284
0.283,0.959119909,0.959119909,0.283
0.282,0.959414405,0.959414405,0.282
0.281,0.959707768,0.959707768,0.281
0.28,0.96,0.96,0.28
0.279,0.960291102,0.960291102,0.279
0.278,0.960581074,0.960581074,0.278
0.277,0.960869918,0.960869918,0.277
0.276,0.961157635,0.961157635,0.276
0.275,0.961444226,0.961444226,0.275
0.274,0.961729692,0.961729692,0.274
0.273,0.962014033,0.962014033,0.273
0.272,0.962297251,0.962297251,0.272
0.271,0.962579347,0.962579347,0.271
0.27,0.962860322,0.962860322,0.27
0.269,0.963140177,0.963140177,0.269
0.268,0.963418912,0.963418912,0.268
0.267,0.963696529,0.963696529,0.267
0.266,0.963973029,0.963973029,0.266
0.265,0.964248412,0.964248412,0.265
0.264,0.96452268,0.96452268,0.264
0.263,0.964795833,0.964795833,0.263
0.262,0.965067873,0.965067873,0.262
0.261,0.965338801,0.965338801,0.261
0.26,0.965608616,0.965608616,0.26
0.259,0.965877321,0.965877321,0.259
0.258,0.966144917,0.966144917,0.258
0.257,0.966411403,0.966411403,0.257
0.256,0.966676782,0.966676782,0.256
0.255,0.966941053,0.966941053,0.255
0.254,0.967204218,0.967204218,0.254
0.253,0.967466278,0.967466278,0.253
0.252,0.967727234,0.967727234,0.252
0.251,0.967987087,0.967987087,0.251
0.25,0.968245837,0.968245837,0.25
0.249,0.968503485,0.968503485,0.249
0.248,0.968760032,0.968760032,0.248
0.247,0.96901548,0.96901548,0.247
0.246,0.969269828,0.969269828,0.246
0.245,0.969523079,0.969523079,0.245
0.244,0.969775232,0.969775232,0.244
0.243,0.970026288,0.970026288,0.243
0.242,0.970276249,0.970276249,0.242
0.241,0.970525116,0.970525116,0.241
0.24,0.970772888,0.970772888,0.24
0.239,0.971019567,0.971019567,0.239
0.238,0.971265154,0.971265154,0.238
0.237,0.97150965,0.97150965,0.237
0.236,0.971753055,0.971753055,0.236
0.235,0.97199537,0.97199537,0.235
0.234,0.972236597,0.972236597,0.234
0.233,0.972476735,0.972476735,0.233
0.232,0.972715786,0.972715786,0.232
0.231,0.97295375,0.97295375,0.231
0.23,0.973190629,0.973190629,0.23
0.229,0.973426422,0.973426422,0.229
0.228,0.973661132,0.973661132,0.228
0.227,0.973894758,0.973894758,0.227
0.226,0.974127302,0.974127302,0.226
0.225,0.974358763,0.974358763,0.225
0.224,0.974589144,0.974589144,0.224
0.223,0.974818445,0.974818445,0.223
0.222,0.975046666,0.975046666,0.222
0.221,0.975273808,0.975273808,0.221
0.22,0.975499872,0.975499872,0.22
0.219,0.975724859,0.975724859,0.219
0.218,0.975948769,0.975948769,0.218
0.217,0.976171604,0.976171604,0.217
0.216,0.976393363,0.976393363,0.216
0.215,0.976614049,0.976614049,0.215
0.214,0.97683366,0.97683366,0.214
0.213,0.977052199,0.977052199,0.213
0.212,0.977269666,0.977269666,0.212
0.211,0.977486061,0.977486061,0.211
0.21,0.977701386,0.977701386,0.21
0.209,0.977915641,0.977915641,0.209
0.208,0.978128826,0.978128826,0.208
0.207,0.978340943,0.978340943,0.207
0.206,0.978551991,0.978551991,0.206
0.205,0.978761973,0.978761973,0.205
0.204,0.978970888,0.978970888,0.204
0.203,0.979178738,0.979178738,0.203
0.202,0.979385522,0.979385522,0.202
0.201,0.979591241,0.979591241,0.201
0.2,0.979795897,0.979795897,0.2
0.199,0.97999949,0.97999949,0.199
0.198,0.98020202,0.98020202,0.198
0.197,0.980403488,0.980403488,0.197
0.196,0.980603896,0.980603896,0.196
0.195,0.980803242,0.980803242,0.195
0.194,0.981001529,0.981001529,0.194
0.193,0.981198757,0.981198757,0.193
0.192,0.981394926,0.981394926,0.192
0.191,0.981590037,0.981590037,0.191
0.19,0.98178409,0.98178409,0.19
0.189,0.981977087,0.981977087,0.189
0.188,0.982169028,0.982169028,0.188
0.187,0.982359914,0.982359914,0.187
0.186,0.982549744,0.982549744,0.186
0.185,0.982738521,0.982738521,0.185
0.184,0.982926243,0.982926243,0.184
0.183,0.983112913,0.983112913,0.183
0.182,0.98329853,0.98329853,0.182
0.181,0.983483096,0.983483096,0.181
0.18,0.98366661,0.98366661,0.18
0.179,0.983849074,0.983849074,0.179
0.178,0.984030487,0.984030487,0.178
0.177,0.984210851,0.984210851,0.177
0.176,0.984390167,0.984390167,0.176
0.175,0.984568433,0.984568433,0.175
0.174,0.984745652,0.984745652,0.174
0.173,0.984921824,0.984921824,0.173
0.172,0.98509695,0.98509695,0.172
0.171,0.985271029,0.985271029,0.171
0.17,0.985444062,0.985444062,0.17
0.169,0.985616051,0.985616051,0.169
0.168,0.985786995,0.985786995,0.168
0.167,0.985956896,0.985956896,0.167
0.166,0.986125753,0.986125753,0.166
0.165,0.986293567,0.986293567,0.165
0.164,0.986460339,0.986460339,0.164
0.163,0.986626069,0.986626069,0.163
0.162,0.986790758,0.986790758,0.162
0.161,0.986954406,0.986954406,0.161
0.16,0.987117014,0.987117014,0.16
0.159,0.987278583,0.987278583,0.159
0.158,0.987439112,0.987439112,0.158
0.157,0.987598603,0.987598603,0.157
0.156,0.987757055,0.987757055,0.156
0.155,0.98791447,0.98791447,0.155
0.154,0.988070848,0.988070848,0.154
0.153,0.988226189,0.988226189,0.153
0.152,0.988380494,0.988380494,0.152
0.151,0.988533763,0.988533763,0.151
0.15,0.988685997,0.988685997,0.15
0.149,0.988837196,0.988837196,0.149
0.148,0.988987361,0.988987361,0.148
0.147,0.989136492,0.989136492,0.147
0.146,0.98928459,0.98928459,0.146
0.145,0.989431655,0.989431655,0.145
0.144,0.989577688,0.989577688,0.144
0.143,0.989722688,0.989722688,0.143
0.142,0.989866658,0.989866658,0.142
0.141,0.990009596,0.990009596,0.141
0.14,0.990151504,0.990151504,0.14
0.139,0.990292381,0.990292381,0.139
0.138,0.990432229,0.990432229,0.138
0.137,0.990571047,0.990571047,0.137
0.136,0.990708837,0.990708837,0.136
0.135,0.990845598,0.990845598,0.135
0.134,0.990981332,0.990981332,0.134
0.133,0.991116038,0.991116038,0.133
0.132,0.991249716,0.991249716,0.132
0.131,0.991382368,0.991382368,0.131
0.13,0.991513994,0.991513994,0.13
0.129,0.991644594,0.991644594,0.129
0.128,0.991774168,0.991774168,0.128
0.127,0.991902717,0.991902717,0.127
0.126,0.992030241,0.992030241,0.126
0.125,0.992156742,0.992156742,0.125
0.124,0.992282218,0.992282218,0.124
0.123,0.992406671,0.992406671,0.123
0.122,0.9925301,0.9925301,0.122
0.121,0.992652507,0.992652507,0.121
0.12,0.992773892,0.992773892,0.12
0.119,0.992894254,0.992894254,0.119
0.118,0.993013595,0.993013595,0.118
0.117,0.993131915,0.993131915,0.117
0.116,0.993249213,0.993249213,0.116
0.115,0.993365492,0.993365492,0.115
0.114,0.99348075,0.99348075,0.114
0.113,0.993594988,0.993594988,0.113
0.112,0.993708207,0.993708207,0.112
0.111,0.993820406,0.993820406,0.111
0.11,0.993931587,0.993931587,0.11
0.109,0.99404175,0.99404175,0.109
0.108,0.994150894,0.994150894,0.108
0.107,0.994259021,0.994259021,0.107
0.106,0.99436613,0.99436613,0.106
0.105,0.994472222,0.994472222,0.105
0.104,0.994577297,0.994577297,0.104
0.103,0.994681356,0.994681356,0.103
0.102,0.994784399,0.994784399,0.102
0.101,0.994886426,0.994886426,0.101
0.1,0.994987437,0.994987437,0.1
0.099,0.995087433,0.995087433,0.099
0.098,0.995186415,0.995186415,0.098
0.097,0.995284381,0.995284381,0.097
0.096,0.995381334,0.995381334,0.096
0.095,0.995477272,0.995477272,0.095
0.094,0.995572197,0.995572197,0.094
0.093,0.995666109,0.995666109,0.093
0.092,0.995759007,0.995759007,0.092
0.091,0.995850892,0.995850892,0.091
0.09,0.995941765,0.995941765,0.09
0.089,0.996031626,0.996031626,0.089
0.088,0.996120475,0.996120475,0.088
0.087,0.996208312,0.996208312,0.087
0.086,0.996295137,0.996295137,0.086
0.085,0.996380951,0.996380951,0.085
0.084,0.996465755,0.996465755,0.084
0.083,0.996549547,0.996549547,0.083
0.082,0.996632329,0.996632329,0.082
0.081,0.996714101,0.996714101,0.081
0.08,0.996794864,0.996794864,0.08
0.079,0.996874616,0.996874616,0.079
0.078,0.996953359,0.996953359,0.078
0.077,0.997031093,0.997031093,0.077
0.076,0.997107818,0.997107818,0.076
0.075,0.997183534,0.997183534,0.075
0.074,0.997258241,0.997258241,0.074
0.073,0.997331941,0.997331941,0.073
0.072,0.997404632,0.997404632,0.072
0.071,0.997476316,0.997476316,0.071
0.07,0.997546991,0.997546991,0.07
0.069,0.99761666,0.99761666,0.069
0.068,0.997685321,0.997685321,0.068
0.067,0.997752975,0.997752975,0.067
0.066,0.997819623,0.997819623,0.066
0.065,0.997885264,0.997885264,0.065
0.064,0.997949899,0.997949899,0.064
0.063,0.998013527,0.998013527,0.063
0.062,0.998076149,0.998076149,0.062
0.061,0.998137766,0.998137766,0.061
0.06,0.998198377,0.998198377,0.06
0.059,0.998257983,0.998257983,0.059
0.058,0.998316583,0.998316583,0.058
0.057,0.998374178,0.998374178,0.057
0.056,0.998430769,0.998430769,0.056
0.055,0.998486354,0.998486354,0.055
0.054,0.998540936,0.998540936,0.054
0.053,0.998594512,0.998594512,0.053
0.052,0.998647085,0.998647085,0.052
0.051,0.998698653,0.998698653,0.051
0.05,0.998749218,0.998749218,0.05
0.049,0.998798779,0.998798779,0.049
0.048,0.998847336,0.998847336,0.048
0.047,0.998894889,0.998894889,0.047
0.046,0.99894144,0.99894144,0.046
0.045,0.998986987,0.998986987,0.045
0.044,0.999031531,0.999031531,0.044
0.043,0.999075072,0.999075072,0.043
0.042,0.999117611,0.999117611,0.042
0.041,0.999159146,0.999159146,0.041
0.04,0.99919968,0.99919968,0.04
0.039,0.999239211,0.999239211,0.039
0.038,0.999277739,0.999277739,0.038
0.037,0.999315266,0.999315266,0.037
0.036,0.99935179,0.99935179,0.036
0.035,0.999387312,0.999387312,0.035
0.034,0.999421833,0.999421833,0.034
0.033,0.999455352,0.999455352,0.033
0.032,0.999487869,0.999487869,0.032
0.031,0.999519385,0.999519385,0.031
0.03,0.999549899,0.999549899,0.03
0.029,0.999579412,0.999579412,0.029
0.028,0.999607923,0.999607923,0.028
0.027,0.999635434,0.999635434,0.027
0.026,0.999661943,0.999661943,0.026
0.025,0.999687451,0.999687451,0.025
0.024,0.999711959,0.999711959,0.024
0.023,0.999735465,0.999735465,0.023
0.022,0.999757971,0.999757971,0.022
0.021,0.999779476,0.999779476,0.021
0.02,0.99979998,0.99979998,0.02
0.019,0.999819484,0.999819484,0.019
0.018,0.999837987,0.999837987,0.018
0.017,0.99985549,0.99985549,0.017
0.016,0.999871992,0.999871992,0.016
0.015,0.999887494,0.999887494,0.015
0.014,0.999901995,0.999901995,0.014
0.013,0.999915496,0.999915496,0.013
0.012,0.999927997,0.999927997,0.012
0.011,0.999939498,0.999939498,0.011
0.01,0.999949999,0.999949999,0.01
0.009,0.999959499,0.999959499,0.009
0.008,0.999967999,0.999967999,0.008
0.007,0.9999755,0.9999755,0.007
0.006,0.999982,0.999982,0.006
0.005,0.9999875,0.9999875,0.005
0.004,0.999992,0.999992,0.004
0.003,0.9999955,0.9999955,0.003
0.002,0.999998,0.999998,0.002
0.001,0.9999995,0.9999995,0.001
0,1,1,0
-0.001,0.9999995,0.9999995,-0.001
-0.002,0.999998,0.999998,-0.002
-0.003,0.9999955,0.9999955,-0.003
-0.004,0.999992,0.999992,-0.004
-0.005,0.9999875,0.9999875,-0.005
-0.006,0.999982,0.999982,-0.006
-0.007,0.9999755,0.9999755,-0.007
-0.008,0.999967999,0.999967999,-0.008
-0.009,0.999959499,0.999959499,-0.009
-0.01,0.999949999,0.999949999,-0.01
-0.011,0.999939498,0.999939498,-0.011
-0.012,0.999927997,0.999927997,-0.012
-0.013,0.999915496,0.999915496,-0.013
-0.014,0.999901995,0.999901995,-0.014
-0.015,0.999887494,0.999887494,-0.015
-0.016,0.999871992,0.999871992,-0.016
-0.017,0.99985549,0.99985549,-0.017
-0.018,0.999837987,0.999837987,-0.018
-0.019,0.999819484,0.999819484,-0.019
-0.02,0.99979998,0.99979998,-0.02
-0.021,0.999779476,0.999779476,-0.021
-0.022,0.999757971,0.999757971,-0.022
-0.023,0.999735465,0.999735465,-0.023
-0.024,0.999711959,0.999711959,-0.024
-0.025,0.999687451,0.999687451,-0.025
-0.026,0.999661943,0.999661943,-0.026
-0.027,0.999635434,0.999635434,-0.027
-0.028,0.999607923,0.999607923,-0.028
-0.029,0.999579412,0.999579412,-0.029
-0.03,0.999549899,0.999549899,-0.03
-0.031,0.999519385,0.999519385,-0.031
-0.032,0.999487869,0.999487869,-0.032
-0.033,0.999455352,0.999455352,-0.033
-0.034,0.999421833,0.999421833,-0.034
-0.035,0.999387312,0.999387312,-0.035
-0.036,0.99935179,0.99935179,-0.036
-0.037,0.999315266,0.999315266,-0.037
-0.038,0.999277739,0.999277739,-0.038
-0.039,0.999239211,0.999239211,-0.039
-0.04,0.99919968,0.99919968,-0.04
-0.041,0.999159146,0.999159146,-0.041
-0.042,0.999117611,0.999117611,-0.042
-0.043,0.999075072,0.999075072,-0.043
-0.044,0.999031531,0.999031531,-0.044
-0.045,0.998986987,0.998986987,-0.045
-0.046,0.99894144,0.99894144,-0.046
-0.047,0.998894889,0.998894889,-0.047
-0.048,0.998847336,0.998847336,-0.048
-0.049,0.998798779,0.998798779,-0.049
-0.05,0.998749218,0.998749218,-0.05
-0.051,0.998698653,0.998698653,-0.051
-0.052,0.998647085,0.998647085,-0.052
-0.053,0.998594512,0.998594512,-0.053
-0.054,0.998540936,0.998540936,-0.054
-0.055,0.998486354,0.998486354,-0.055
-0.056,0.998430769,0.998430769,-0.056
-0.057,0.998374178,0.998374178,-0.057
-0.058,0.998316583,0.998316583,-0.058
-0.059,0.998257983,0.998257983,-0.059
-0.06,0.998198377,0.998198377,-0.06
-0.061,0.998137766,0.998137766,-0.061
-0.062,0.998076149,0.998076149,-0.062
-0.063,0.998013527,0.998013527,-0.063
-0.064,0.997949899,0.997949899,-0.064
-0.065,0.997885264,0.997885264,-0.065
-0.066,0.997819623,0.997819623,-0.066
-0.067,0.997752975,0.997752975,-0.067
-0.068,0.997685321,0.997685321,-0.068
-0.069,0.99761666,0.99761666,-0.069
-0.07,0.997546991,0.997546991,-0.07
-0.071,0.997476316,0.997476316,-0.071
-0.072,0.997404632,0.997404632,-0.072
-0.073,0.997331941,0.997331941,-0.073
-0.074,0.997258241,0.997258241,-0.074
-0.075,0.997183534,0.997183534,-0.075
-0.076,0.997107818,0.997107818,-0.076
-0.077,0.997031093,0.997031093,-0.077
-0.078,0.996953359,0.996953359,-0.078
-0.079,0.996874616,0.996874616,-0.079
-0.08,0.996794864,0.996794864,-0.08
-0.081,0.996714101,0.996714101,-0.081
-0.082,0.996632329,0.996632329,-0.082
-0.083,0.996549547,0.996549547,-0.083
-0.084,0.996465755,0.996465755,-0.084
-0.085,0.996380951,0.996380951,-0.085
-0.086,0.996295137,0.996295137,-0.086
-0.087,0.996208312,0.996208312,-0.087
-0.088,0.996120475,0.996120475,-0.088
-0.089,0.996031626,0.996031626,-0.089
-0.09,0.995941765,0.995941765,-0.09
-0.091,0.995850892,0.995850892,-0.091
-0.092,0.995759007,0.995759007,-0.092
-0.093,0.995666109,0.995666109,-0.093
-0.094,0.995572197,0.995572197,-0.094
-0.095,0.995477272,0.995477272,-0.095
-0.096,0.995381334,0.995381334,-0.096
-0.097,0.995284381,0.995284381,-0.097
-0.098,0.995186415,0.995186415,-0.098
-0.099,0.995087433,0.995087433,-0.099
-0.1,0.994987437,0.994987437,-0.1
-0.101,0.994886426,0.994886426,-0.101
-0.102,0.994784399,0.994784399,-0.102
-0.103,0.994681356,0.994681356,-0.103
-0.104,0.994577297,0.994577297,-0.104
-0.105,0.994472222,0.994472222,-0.105
-0.106,0.99436613,0.99436613,-0.106
-0.107,0.994259021,0.994259021,-0.107
-0.108,0.994150894,0.994150894,-0.108
-0.109,0.99404175,0.99404175,-0.109
-0.11,0.993931587,0.993931587,-0.11
-0.111,0.993820406,0.993820406,-0.111
-0.112,0.993708207,0.993708207,-0.112
-0.113,0.993594988,0.993594988,-0.113
-0.114,0.99348075,0.99348075,-0.114
-0.115,0.993365492,0.993365492,-0.115
-0.116,0.993249213,0.993249213,-0.116
-0.117,0.993131915,0.993131915,-0.117
-0.118,0.993013595,0.993013595,-0.118
-0.119,0.992894254,0.992894254,-0.119
-0.12,0.992773892,0.992773892,-0.12
-0.121,0.992652507,0.992652507,-0.121
-0.122,0.9925301,0.9925301,-0.122
-0.123,0.992406671,0.992406671,-0.123
-0.124,0.992282218,0.992282218,-0.124
-0.125,0.992156742,0.992156742,-0.125
-0.126,0.992030241,0.992030241,-0.126
-0.127,0.991902717,0.991902717,-0.127
-0.128,0.991774168,0.991774168,-0.128
-0.129,0.991644594,0.991644594,-0.129
-0.13,0.991513994,0.991513994,-0.13
-0.131,0.991382368,0.991382368,-0.131
-0.132,0.991249716,0.991249716,-0.132
-0.133,0.991116038,0.991116038,-0.133
-0.134,0.990981332,0.990981332,-0.134
-0.135,0.990845598,0.990845598,-0.135
-0.136,0.990708837,0.990708837,-0.136
-0.137,0.990571047,0.990571047,-0.137
-0.138,0.990432229,0.990432229,-0.138
-0.139,0.990292381,0.990292381,-0.139
-0.14,0.990151504,0.990151504,-0.14
-0.141,0.990009596,0.990009596,-0.141
-0.142,0.989866658,0.989866658,-0.142
-0.143,0.989722688,0.989722688,-0.143
-0.144,0.989577688,0.989577688,-0.144
-0.145,0.989431655,0.989431655,-0.145
-0.146,0.98928459,0.98928459,-0.146
-0.147,0.989136492,0.989136492,-0.147
-0.148,0.988987361,0.988987361,-0.148
-0.149,0.988837196,0.988837196,-0.149
-0.15,0.988685997,0.988685997,-0.15
-0.151,0.988533763,0.988533763,-0.151
-0.152,0.988380494,0.988380494,-0.152
-0.153,0.988226189,0.988226189,-0.153
-0.154,0.988070848,0.988070848,-0.154
-0.155,0.98791447,0.98791447,-0.155
-0.156,0.987757055,0.987757055,-0.156
-0.157,0.987598603,0.987598603,-0.157
-0.158,0.987439112,0.987439112,-0.158
-0.159,0.987278583,0.987278583,-0.159
-0.16,0.987117014,0.987117014,-0.16
-0.161,0.986954406,0.986954406,-0.161
-0.162,0.986790758,0.986790758,-0.162
-0.163,0.986626069,0.986626069,-0.163
-0.164,0.986460339,0.986460339,-0.164
-0.165,0.986293567,0.986293567,-0.165
-0.166,0.986125753,0.986125753,-0.166
-0.167,0.985956896,0.985956896,-0.167
-0.168,0.985786995,0.985786995,-0.168
-0.169,0.985616051,0.985616051,-0.169
-0.17,0.985444062,0.985444062,-0.17
-0.171,0.985271029,0.985271029,-0.171
-0.172,0.98509695,0.98509695,-0.172
-0.173,0.984921824,0.984921824,-0.173
-0.174,0.984745652,0.984745652,-0.174
-0.175,0.984568433,0.984568433,-0.175
-0.176,0.984390167,0.984390167,-0.176
-0.177,0.984210851,0.984210851,-0.177
-0.178,0.984030487,0.984030487,-0.178
-0.179,0.983849074,0.983849074,-0.179
-0.18,0.98366661,0.98366661,-0.18
-0.181,0.983483096,0.983483096,-0.181
-0.182,0.98329853,0.98329853,-0.182
-0.183,0.983112913,0.983112913,-0.183
-0.184,0.982926243,0.982926243,-0.184
-0.185,0.982738521,0.982738521,-0.185
-0.186,0.982549744,0.982549744,-0.186
-0.187,0.982359914,0.982359914,-0.187
-0.188,0.982169028,0.982169028,-0.188
-0.189,0.981977087,0.981977087,-0.189
-0.19,0.98178409,0.98178409,-0.19
-0.191,0.981590037,0.981590037,-0.191
-0.192,0.981394926,0.981394926,-0.192
-0.193,0.981198757,0.981198757,-0.193
-0.194,0.981001529,0.981001529,-0.194
-0.195,0.980803242,0.980803242,-0.195
-0.196,0.980603896,0.980603896,-0.196
-0.197,0.980403488,0.980403488,-0.197
-0.198,0.98020202,0.98020202,-0.198
-0.199,0.97999949,0.97999949,-0.199
-0.2,0.979795897,0.979795897,-0.2
-0.201,0.979591241,0.979591241,-0.201
-0.202,0.979385522,0.979385522,-0.202
-0.203,0.979178738,0.979178738,-0.203
-0.204,0.978970888,0.978970888,-0.204
-0.205,0.978761973,0.978761973,-0.205
-0.206,0.978551991,0.978551991,-0.206
-0.207,0.978340943,0.978340943,-0.207
-0.208,0.978128826,0.978128826,-0.208
-0.209,0.977915641,0.977915641,-0.209
-0.21,0.977701386,0.977701386,-0.21
-0.211,0.977486061,0.977486061,-0.211
-0.212,0.977269666,0.977269666,-0.212
-0.213,0.977052199,0.977052199,-0.213
-0.214,0.97683366,0.97683366,-0.214
-0.215,0.976614049,0.976614049,-0.215
-0.216,0.976393363,0.976393363,-0.216
-0.217,0.976171604,0.976171604,-0.217
-0.218,0.975948769,0.975948769,-0.218
-0.219,0.975724859,0.975724859,-0.219
-0.22,0.975499872,0.975499872,-0.22
-0.221,0.975273808,0.975273808,-0.221
-0.222,0.975046666,0.975046666,-0.222
-0.223,0.974818445,0.974818445,-0.223
-0.224,0.974589144,0.974589144,-0.224
-0.225,0.974358763,0.974358763,-0.225
-0.226,0.974127302,0.974127302,-0.226
-0.227,0.973894758,0.973894758,-0.227
-0.228,0.973661132,0.973661132,-0.228
-0.229,0.973426422,0.973426422,-0.229
-0.23,0.973190629,0.973190629,-0.23
-0.231,0.97295375,0.97295375,-0.231
-0.232,0.972715786,0.972715786,-0.232
-0.233,0.972476735,0.972476735,-0.233
-0.234,0.972236597,0.972236597,-0.234
-0.235,0.97199537,0.97199537,-0.235
-0.236,0.971753055,0.971753055,-0.236
-0.237,0.97150965,0.97150965,-0.237
-0.238,0.971265154,0.971265154,-0.238
-0.239,0.971019567,0.971019567,-0.239
-0.24,0.970772888,0.970772888,-0.24
-0.241,0.970525116,0.970525116,-0.241
-0.242,0.970276249,0.970276249,-0.242
-0.243,0.970026288,0.970026288,-0.243
-0.244,0.969775232,0.969775232,-0.244
-0.245,0.969523079,0.969523079,-0.245
-0.246,0.969269828,0.969269828,-0.246
-0.247,0.96901548,0.96901548,-0.247
-0.248,0.968760032,0.968760032,-0.248
-0.249,0.968503485,0.968503485,-0.249
-0.25,0.968245837,0.968245837,-0.25
-0.251,0.967987087,0.967987087,-0.251
-0.252,0.967727234,0.967727234,-0.252
-0.253,0.967466278,0.967466278,-0.253
-0.254,0.967204218,0.967204218,-0.254
-0.255,0.966941053,0.966941053,-0.255
-0.256,0.966676782,0.966676782,-0.256
-0.257,0.966411403,0.966411403,-0.257
-0.258,0.966144917,0.966144917,-0.258
-0.259,0.965877321,0.965877321,-0.259
-0.26,0.965608616,0.965608616,-0.26
-0.261,0.965338801,0.965338801,-0.261
-0.262,0.965067873,0.965067873,-0.262
-0.263,0.964795833,0.964795833,-0.263
-0.264,0.96452268,0.96452268,-0.264
-0.265,0.964248412,0.964248412,-0.265
-0.266,0.963973029,0.963973029,-0.266
-0.267,0.963696529,0.963696529,-0.267
-0.268,0.963418912,0.963418912,-0.268
-0.269,0.963140177,0.963140177,-0.269
-0.27,0.962860322,0.962860322,-0.27
-0.271,0.962579347,0.962579347,-0.271
-0.272,0.962297251,0.962297251,-0.272
-0.273,0.962014033,0.962014033,-0.273
-0.274,0.961729692,0.961729692,-0.274
-0.275,0.961444226,0.961444226,-0.275
-0.276,0.961157635,0.961157635,-0.276
-0.277,0.960869918,0.960869918,-0.277
-0.278,0.960581074,0.960581074,-0.278
-0.279,0.960291102,0.960291102,-0.279
-0.28,0.96,0.96,-0.28
-0.281,0.959707768,0.959707768,-0.281
-0.282,0.959414405,0.959414405,-0.282
-0.283,0.959119909,0.959119909,-0.283
-0.284,0.95882428,0.95882428,-0.284
-0.285,0.958527517,0.958527517,-0.285
-0.286,0.958229618,0.958229618,-0.286
-0.287,0.957930582,0.957930582,-0.287
-0.288,0.957630409,0.957630409,-0.288
-0.289,0.957329097,0.957329097,-0.289
-0.29,0.957026645,0.957026645,-0.29
-0.291,0.956723053,0.956723053,-0.291
-0.292,0.956418319,0.956418319,-0.292
-0.293,0.956112441,0.956112441,-0.293
-0.294,0.95580542,0.95580542,-0.294
-0.295,0.955497253,0.955497253,-0.295
-0.296,0.95518794,0.95518794,-0.296
-0.297,0.954877479,0.954877479,-0.297
-0.298,0.95456587,0.95456587,-0.298
-0.299,0.954253111,0.954253111,-0.299
-0.3,0.953939201,0.953939201,-0.3
-0.301,0.95362414,0.95362414,-0.301
-0.302,0.953307925,0.953307925,-0.302
-0.303,0.952990556,0.952990556,-0.303
-0.304,0.952672032,0.952672032,-0.304
-0.305,0.952352351,0.952352351,-0.305
-0.306,0.952031512,0.952031512,-0.306
-0.307,0.951709515,0.951709515,-0.307
-0.308,0.951386357,0.951386357,-0.308
-0.309,0.951062038,0.951062038,-0.309
-0.31,0.950736557,0.950736557,-0.31
-0.311,0.950409912,0.950409912,-0.311
-0.312,0.950082102,0.950082102,-0.312
-0.313,0.949753126,0.949753126,-0.313
-0.314,0.949422983,0.949422983,-0.314
-0.315,0.949091671,0.949091671,-0.315
-0.316,0.94875919,0.94875919,-0.316
-0.317,0.948425537,0.948425537,-0.317
-0.318,0.948090713,0.948090713,-0.318
-0.319,0.947754715,0.947754715,-0.319
-0.32,0.947417543,0.947417543,-0.32
-0.321,0.947079194,0.947079194,-0.321
-0.322,0.946739669,0.946739669,-0.322
-0.323,0.946398964,0.946398964,-0.323
-0.324,0.946057081,0.946057081,-0.324
-0.325,0.945714016,0.945714016,-0.325
-0.326,0.945369769,0.945369769,-0.326
-0.327,0.945024338,0.945024338,-0.327
-0.328,0.944677723,0.944677723,-0.328
-0.329,0.944329921,0.944329921,-0.329
-0.33,0.943980932,0.943980932,-0.33
-0.331,0.943630754,0.943630754,-0.331
-0.332,0.943279386,0.943279386,-0.332
-0.333,0.942926826,0.942926826,-0.333
-0.334,0.942573074,0.942573074,-0.334
-0.335,0.942218128,0.942218128,-0.335
-0.336,0.941861986,0.941861986,-0.336
-0.337,0.941504647,0.941504647,-0.337
-0.338,0.94114611,0.94114611,-0.338
-0.339,0.940786373,0.940786373,-0.339
-0.34,0.940425436,0.940425436,-0.34
-0.341,0.940063296,0.940063296,-0.341
-0.342,0.939699952,0.939699952,-0.342
-0.343,0.939335403,0.939335403,-0.343
-0.344,0.938969648,0.938969648,-0.344
-0.345,0.938602685,0.938602685,-0.345
-0.346,0.938234512,0.938234512,-0.346
-0.347,0.937865129,0.937865129,-0.347
-0.348,0.937494533,0.937494533,-0.348
-0.349,0.937122724,0.937122724,-0.349
-0.35,0.9367497,0.9367497,-0.35
-0.351,0.936375459,0.936375459,-0.351
-0.352,0.936,0.936,-0.352
-0.353,0.935623322,0.935623322,-0.353
-0.354,0.935245422,0.935245422,-0.354
-0.355,0.934866301,0.934866301,-0.355
-0.356,0.934485955,0.934485955,-0.356
-0.357,0.934104384,0.934104384,-0.357
-0.358,0.933721586,0.933721586,-0.358
-0.359,0.93333756,0.93333756,-0.359
-0.36,0.932952303,0.932952303,-0.36
-0.361,0.932565815,0.932565815,-0.361
-0.362,0.932178095,0.932178095,-0.362
-0.363,0.931789139,0.931789139,-0.363
-0.364,0.931398948,0.931398948,-0.364
-0.365,0.931007519,0.931007519,-0.365
-0.366,0.930614851,0.930614851,-0.366
-0.367,0.930220941,0.930220941,-0.367
-0.368,0.92982579,0.92982579,-0.368
-0.369,0.929429395,0.929429395,-0.369
-0.37,0.929031754,0.929031754,-0.37
-0.371,0.928632866,0.928632866,-0.371
-0.372,0.928232729,0.928232729,-0.372
-0.373,0.927831342,0.927831342,-0.373
-0.374,0.927428703,0.927428703,-0.374
-0.375,0.927024811,0.927024811,-0.375
-0.376,0.926619663,0.926619663,-0.376
-0.377,0.926213258,0.926213258,-0.377
-0.378,0.925805595,0.925805595,-0.378
-0.379,0.925396672,0.925396672,-0.379
-0.38,0.924986486,0.924986486,-0.38
-0.381,0.924575038,0.924575038,-0.381
-0.382,0.924162323,0.924162323,-0.382
-0.383,0.923748342,0.923748342,-0.383
-0.384,0.923333093,0.923333093,-0.384
-0.385,0.922916573,0.922916573,-0.385
-0.386,0.92249878,0.92249878,-0.386
-0.387,0.922079715,0.922079715,-0.387
-0.388,0.921659373,0.921659373,-0.388
-0.389,0.921237754,0.921237754,-0.389
-0.39,0.920814857,0.920814857,-0.39
-0.391,0.920390678,0.920390678,-0.391
-0.392,0.919965217,0.919965217,-0.392
-0.393,0.919538471,0.919538471,-0.393
-0.394,0.91911044,0.91911044,-0.394
-0.395,0.91868112,0.91868112,-0.395
-0.396,0.91825051,0.91825051,-0.396
-0.397,0.91781861,0.91781861,-0.397
-0.398,0.917385415,0.917385415,-0.398
-0.399,0.916950926,0.916950926,-0.399
-0.4,0.916515139,0.916515139,-0.4
-0.401,0.916078053,0.916078053,-0.401
-0.402,0.915639667,0.915639667,-0.402
-0.403,0.915199978,0.915199978,-0.403
-0.404,0.914758985,0.914758985,-0.404
-0.405,0.914316685,0.914316685,-0.405
-0.406,0.913873077,0.913873077,-0.406
-0.407,0.913428158,0.913428158,-0.407
-0.408,0.912981928,0.912981928,-0.408
-0.409,0.912534383,0.912534383,-0.409
-0.41,0.912085522,0.912085522,-0.41
-0.411,0.911635344,0.911635344,-0.411
-0.412,0.911183845,0.911183845,-0.412
-0.413,0.910731025,0.910731025,-0.413
-0.414,0.910276881,0.910276881,-0.414
-0.415,0.909821411,0.909821411,-0.415
-0.416,0.909364613,0.909364613,-0.416
-0.417,0.908906486,0.908906486,-0.417
-0.418,0.908447027,0.908447027,-0.418
-0.419,0.907986233,0.907986233,-0.419
-0.42,0.907524104,0.907524104,-0.42
-0.421,0.907060637,0.907060637,-0.421
-0.422,0.906595831,0.906595831,-0.422
-0.423,0.906129682,0.906129682,-0.423
-0.424,0.905662189,0.905662189,-0.424
-0.425,0.90519335,0.90519335,-0.425
-0.426,0.904723162,0.904723162,-0.426
-0.427,0.904251624,0.904251624,-0.427
-0.428,0.903778734,0.903778734,-0.428
-0.429,0.903304489,0.903304489,-0.429
-0.43,0.902828887,0.902828887,-0.43
-0.431,0.902351927,0.902351927,-0.431
-0.432,0.901873605,0.901873605,-0.432
-0.433,0.901393921,0.901393921,-0.433
-0.434,0.90091287,0.90091287,-0.434
-0.435,0.900430453,0.900430453,-0.435
-0.436,0.899946665,0.899946665,-0.436
-0.437,0.899461506,0.899461506,-0.437
-0.438,0.898974972,0.898974972,-0.438
-0.439,0.898487062,0.898487062,-0.439
-0.44,0.897997773,0.897997773,-0.44
-0.441,0.897507103,0.897507103,-0.441
-0.442,0.89701505,0.89701505,-0.442
-0.443,0.896521612,0.896521612,-0.443
-0.444,0.896026785,0.896026785,-0.444
-0.445,0.895530569,0.895530569,-0.445
-0.446,0.89503296,0.89503296,-0.446
-0.447,0.894533957,0.894533957,-0.447
-0.448,0.894033556,0.894033556,-0.448
-0.449,0.893531757,0.893531757,-0.449
-0.45,0.893028555,0.893028555,-0.45
-0.451,0.892523949,0.892523949,-0.451
-0.452,0.892017937,0.892017937,-0.452
-0.453,0.891510516,0.891510516,-0.453
-0.454,0.891001684,0.891001684,-0.454
-0.455,0.890491437,0.890491437,-0.455
-0.456,0.889979775,0.889979775,-0.456
-0.457,0.889466694,0.889466694,-0.457
-0.458,0.888952192,0.888952192,-0.458
-0.459,0.888436267,0.888436267,-0.459
-0.46,0.887918915,0.887918915,-0.46
-0.461,0.887400135,0.887400135,-0.461
-0.462,0.886879924,0.886879924,-0.462
-0.463,0.88635828,0.88635828,-0.463
-0.464,0.885835199,0.885835199,-0.464
-0.465,0.88531068,0.88531068,-0.465
-0.466,0.88478472,0.88478472,-0.466
-0.467,0.884257315,0.884257315,-0.467
-0.468,0.883728465,0.883728465,-0.468
-0.469,0.883198166,0.883198166,-0.469
-0.47,0.882666415,0.882666415,-0.47
-0.471,0.88213321,0.88213321,-0.471
-0.472,0.881598548,0.881598548,-0.472
-0.473,0.881062427,0.881062427,-0.473
-0.474,0.880524843,0.880524843,-0.474
-0.475,0.879985795,0.879985795,-0.475
-0.476,0.87944528,0.87944528,-0.476
-0.477,0.878903294,0.878903294,-0.477
-0.478,0.878359835,0.878359835,-0.478
-0.479,0.877814901,0.877814901,-0.479
-0.48,0.877268488,0.877268488,-0.48
-0.481,0.876720594,0.876720594,-0.481
-0.482,0.876171216,0.876171216,-0.482
-0.483,0.875620352,0.875620352,-0.483
-0.484,0.875067997,0.875067997,-0.484
-0.485,0.874514151,0.874514151,-0.485
-0.486,0.873958809,0.873958809,-0.486
-0.487,0.873401969,0.873401969,-0.487
-0.488,0.872843629,0.872843629,-0.488
-0.489,0.872283784,0.872283784,-0.489
-0.49,0.871722433,0.871722433,-0.49
-0.491,0.871159572,0.871159572,-0.491
-0.492,0.870595199,0.870595199,-0.492
-0.493,0.87002931,0.87002931,-0.493
-0.494,0.869461903,0.869461903,-0.494
-0.495,0.868892974,0.868892974,-0.495
-0.496,0.868322521,0.868322521,-0.496
-0.497,0.86775054,0.86775054,-0.497
-0.498,0.867177029,0.867177029,-0.498
-0.499,0.866601985,0.866601985,-0.499
-0.5,0.866025404,0.866025404,-0.5
-0.501,0.865447283,0.865447283,-0.501
-0.502,0.86486762,0.86486762,-0.502
-0.503,0.864286411,0.864286411,-0.503
-0.504,0.863703653,0.863703653,-0.504
-0.505,0.863119343,0.863119343,-0.505
-0.506,0.862533478,0.862533478,-0.506
-0.507,0.861946054,0.861946054,-0.507
-0.508,0.861357069,0.861357069,-0.508
-0.509,0.860766519,0.860766519,-0.509
-0.51,0.860174401,0.860174401,-0.51
-0.511,0.859580712,0.859580712,-0.511
-0.512,0.858985448,0.858985448,-0.512
-0.513,0.858388607,0.858388607,-0.513
-0.514,0.857790184,0.857790184,-0.514
-0.515,0.857190177,0.857190177,-0.515
-0.516,0.856588583,0.856588583,-0.516
-0.517,0.855985397,0.855985397,-0.517
-0.518,0.855380617,0.855380617,-0.518
-0.519,0.854774239,0.854774239,-0.519
-0.52,0.85416626,0.85416626,-0.52
-0.521,0.853556677,0.853556677,-0.521
-0.522,0.852945485,0.852945485,-0.522
-0.523,0.852332682,0.852332682,-0.523
-0.524,0.851718263,0.851718263,-0.524
-0.525,0.851102227,0.851102227,-0.525
-0.526,0.850484568,0.850484568,-0.526
-0.527,0.849865283,0.849865283,-0.527
-0.528,0.84924437,0.84924437,-0.528
-0.529,0.848621824,0.848621824,-0.529
-0.53,0.847997642,0.847997642,-0.53
-0.531,0.847371819,0.847371819,-0.531
-0.532,0.846744353,0.846744353,-0.532
-0.533,0.84611524,0.84611524,-0.533
-0.534,0.845484476,0.845484476,-0.534
-0.535,0.844852058,0.844852058,-0.535
-0.536,0.844217981,0.844217981,-0.536
-0.537,0.843582243,0.843582243,-0.537
-0.538,0.842944838,0.842944838,-0.538
-0.539,0.842305764,0.842305764,-0.539
-0.54,0.841665017,0.841665017,-0.54
-0.541,0.841022592,0.841022592,-0.541
-0.542,0.840378486,0.840378486,-0.542
-0.543,0.839732696,0.839732696,-0.543
-0.544,0.839085216,0.839085216,-0.544
-0.545,0.838436044,0.838436044,-0.545
-0.546,0.837785175,0.837785175,-0.546
-0.547,0.837132606,0.837132606,-0.547
-0.548,0.836478332,0.836478332,-0.548
-0.549,0.83582235,0.83582235,-0.549
-0.55,0.835164654,0.835164654,-0.55
-0.551,0.834505243,0.834505243,-0.551
-0.552,0.83384411,0.83384411,-0.552
-0.553,0.833181253,0.833181253,-0.553
-0.554,0.832516666,0.832516666,-0.554
-0.555,0.831850347,0.831850347,-0.555
-0.556,0.83118229,0.83118229,-0.556
-0.557,0.830512492,0.830512492,-0.557
-0.558,0.829840949,0.829840949,-0.558
-0.559,0.829167655,0.829167655,-0.559
-0.56,0.828492607,0.828492607,-0.56
-0.561,0.827815801,0.827815801,-0.561
-0.562,0.827137232,0.827137232,-0.562
-0.563,0.826456895,0.826456895,-0.563
-0.564,0.825774788,0.825774788,-0.564
-0.565,0.825090904,0.825090904,-0.565
-0.566,0.82440524,0.82440524,-0.566
-0.567,0.823717791,0.823717791,-0.567
-0.568,0.823028554,0.823028554,-0.568
-0.569,0.822337522,0.822337522,-0.569
-0.57,0.821644692,0.821644692,-0.57
-0.571,0.820950059,0.820950059,-0.571
-0.572,0.820253619,0.820253619,-0.572
-0.573,0.819555367,0.819555367,-0.573
-0.574,0.818855299,0.818855299,-0.574
-0.575,0.818153409,0.818153409,-0.575
-0.576,0.817449693,0.817449693,-0.576
-0.577,0.816744146,0.816744146,-0.577
-0.578,0.816036764,0.816036764,-0.578
-0.579,0.815327542,0.815327542,-0.579
-0.58,0.814616474,0.814616474,-0.58
-0.581,0.813903557,0.813903557,-0.581
-0.582,0.813188785,0.813188785,-0.582
-0.583,0.812472153,0.812472153,-0.583
-0.584,0.811753657,0.811753657,-0.584
-0.585,0.811033292,0.811033292,-0.585
-0.586,0.810311051,0.810311051,-0.586
-0.587,0.809586932,0.809586932,-0.587
-0.588,0.808860927,0.808860927,-0.588
-0.589,0.808133034,0.808133034,-0.589
-0.59,0.807403245,0.807403245,-0.59
-0.591,0.806671556,0.806671556,-0.591
-0.592,0.805937963,0.805937963,-0.592
-0.593,0.805202459,0.805202459,-0.593
-0.594,0.80446504,0.80446504,-0.594
-0.595,0.803725699,0.803725699,-0.595
-0.596,0.802984433,0.802984433,-0.596
-0.597,0.802241236,0.802241236,-0.597
-0.598,0.801496101,0.801496101,-0.598
-0.599,0.800749024,0.800749024,-0.599
-0.6,0.8,0.8,-0.6
-0.601,0.799249023,0.799249023,-0.601
-0.602,0.798496086,0.798496086,-0.602
-0.603,0.797741186,0.797741186,-0.603
-0.604,0.796984316,0.796984316,-0.604
-0.605,0.796225471,0.796225471,-0.605
-0.606,0.795464644,0.795464644,-0.606
-0.607,0.794701831,0.794701831,-0.607
-0.608,0.793937025,0.793937025,-0.608
-0.609,0.793170221,0.793170221,-0.609
-0.61,0.792401413,0.792401413,-0.61
-0.611,0.791630596,0.791630596,-0.611
-0.612,0.790857762,0.790857762,-0.612
-0.613,0.790082907,0.790082907,-0.613
-0.614,0.789306024,0.789306024,-0.614
-0.615,0.788527108,0.788527108,-0.615
-0.616,0.787746152,0.787746152,-0.616
-0.617,0.78696315,0.78696315,-0.617
-0.618,0.786178097,0.786178097,-0.618
-0.619,0.785390985,0.785390985,-0.619
-0.62,0.78460181,0.78460181,-0.62
-0.621,0.783810564,0.783810564,-0.621
-0.622,0.783017241,0.783017241,-0.622
-0.623,0.782221836,0.782221836,-0.623
-0.624,0.781424341,0.781424341,-0.624
-0.625,0.78062475,0.78062475,-0.625
-0.626,0.779823057,0.779823057,-0.626
-0.627,0.779019255,0.779019255,-0.627
-0.628,0.778213338,0.778213338,-0.628
-0.629,0.7774053,0.7774053,-0.629
-0.63,0.776595133,0.776595133,-0.63
-0.631,0.77578283,0.77578283,-0.631
-0.632,0.774968386,0.774968386,-0.632
-0.633,0.774151794,0.774151794,-0.633
-0.634,0.773333046,0.773333046,-0.634
-0.635,0.772512136,0.772512136,-0.635
-0.636,0.771689057,0.771689057,-0.636
-0.637,0.770863801,0.770863801,-0.637
-0.638,0.770036363,0.770036363,-0.638
-0.639,0.769206734,0.769206734,-0.639
-0.64,0.768374908,0.768374908,-0.64
-0.641,0.767540878,0.767540878,-0.641
-0.642,0.766704637,0.766704637,-0.642
-0.643,0.765866176,0.765866176,-0.643
-0.644,0.76502549,0.76502549,-0.644
-0.645,0.76418257,0.76418257,-0.645
-0.646,0.763337409,0.763337409,-0.646
-0.647,0.76249,0.76249,-0.647
-0.648,0.761640335,0.761640335,-0.648
-0.649,0.760788407,0.760788407,-0.649
-0.65,0.759934208,0.759934208,-0.65
-0.651,0.75907773,0.75907773,-0.651
-0.652,0.758218966,0.758218966,-0.652
-0.653,0.757357907,0.757357907,-0.653
-0.654,0.756494547,0.756494547,-0.654
-0.655,0.755628877,0.755628877,-0.655
-0.656,0.754760889,0.754760889,-0.656
-0.657,0.753890576,0.753890576,-0.657
-0.658,0.753017928,0.753017928,-0.658
-0.659,0.752142939,0.752142939,-0.659
-0.66,0.751265599,0.751265599,-0.66
-0.661,0.750385901,0.750385901,-0.661
-0.662,0.749503836,0.749503836,-0.662
-0.663,0.748619396,0.748619396,-0.663
-0.664,0.747732573,0.747732573,-0.664
-0.665,0.746843357,0.746843357,-0.665
-0.666,0.745951741,0.745951741,-0.666
-0.667,0.745057716,0.745057716,-0.667
-0.668,0.744161273,0.744161273,-0.668
-0.669,0.743262403,0.743262403,-0.669
-0.67,0.742361098,0.742361098,-0.67
-0.671,0.741457349,0.741457349,-0.671
-0.672,0.740551146,0.740551146,-0.672
-0.673,0.739642481,0.739642481,-0.673
-0.674,0.738731345,0.738731345,-0.674
-0.675,0.737817728,0.737817728,-0.675
-0.676,0.736901622,0.736901622,-0.676
-0.677,0.735983016,0.735983016,-0.677
-0.678,0.735061902,0.735061902,-0.678
-0.679,0.73413827,0.73413827,-0.679
-0.68,0.733212111,0.733212111,-0.68
-0.681,0.732283415,0.732283415,-0.681
-0.682,0.731352172,0.731352172,-0.682
-0.683,0.730418373,0.730418373,-0.683
-0.684,0.729482008,0.729482008,-0.684
-0.685,0.728543067,0.728543067,-0.685
-0.686,0.727601539,0.727601539,-0.686
-0.687,0.726657416,0.726657416,-0.687
-0.688,0.725710686,0.725710686,-0.688
-0.689,0.72476134,0.72476134,-0.689
-0.69,0.723809367,0.723809367,-0.69
-0.691,0.722854757,0.722854757,-0.691
-0.692,0.7218975,0.7218975,-0.692
-0.693,0.720937584,0.720937584,-0.693
-0.694,0.719975,0.719975,-0.694
-0.695,0.719009736,0.719009736,-0.695
-0.696,0.718041782,0.718041782,-0.696
-0.697,0.717071126,0.717071126,-0.697
-0.698,0.716097759,0.716097759,-0.698
-0.699,0.715121668,0.715121668,-0.699
-0.7,0.714142843,0.714142843,-0.7
-0.701,0.713161272,0.713161272,-0.701
-0.702,0.712176944,0.712176944,-0.702
-0.703,0.711189848,0.711189848,-0.703
-0.704,0.710199972,0.710199972,-0.704
-0.705,0.709207304,0.709207304,-0.705
-0.706,0.708211833,0.708211833,-0.706
-0.707,0.707213546,0.707213546,-0.707
-0.708,0.706212433,0.706212433,-0.708
-0.709,0.70520848,0.70520848,-0.709
-0.71,0.704201676,0.704201676,-0.71
-0.711,0.703192008,0.703192008,-0.711
-0.712,0.702179464,0.702179464,-0.712
-0.713,0.701164032,0.701164032,-0.713
-0.714,0.700145699,0.700145699,-0.714
-0.715,0.699124452,0.699124452,-0.715
-0.716,0.698100279,0.698100279,-0.716
-0.717,0.697073167,0.697073167,-0.717
-0.718,0.696043102,0.696043102,-0.718
-0.719,0.695010072,0.695010072,-0.719
-0.72,0.693974063,0.693974063,-0.72
-0.721,0.692935062,0.692935062,-0.721
-0.722,0.691893055,0.691893055,-0.722
-0.723,0.69084803,0.69084803,-0.723
-0.724,0.689799971,0.689799971,-0.724
-0.725,0.688748866,0.688748866,-0.725
-0.726,0.6876947,0.6876947,-0.726
-0.727,0.686637459,0.686637459,-0.727
-0.728,0.685577129,0.685577129,-0.728
-0.729,0.684513696,0.684513696,-0.729
-0.73,0.683447145,0.683447145,-0.73
-0.731,0.682377462,0.682377462,-0.731
-0.732,0.681304631,0.681304631,-0.732
-0.733,0.680228638,0.680228638,-0.733
-0.734,0.679149468,0.679149468,-0.734
-0.735,0.678067106,0.678067106,-0.735
-0.736,0.676981536,0.676981536,-0.736
-0.737,0.675892743,0.675892743,-0.737
-0.738,0.674800711,0.674800711,-0.738
-0.739,0.673705425,0.673705425,-0.739
-0.74,0.672606869,0.672606869,-0.74
-0.741,0.671505026,0.671505026,-0.741
-0.742,0.670399881,0.670399881,-0.742
-0.743,0.669291416,0.669291416,-0.743
-0.744,0.668179617,0.668179617,-0.744
-0.745,0.667064465,0.667064465,-0.745
-0.746,0.665945944,0.665945944,-0.746
-0.747,0.664824037,0.664824037,-0.747
-0.748,0.663698727,0.663698727,-0.748
-0.749,0.662569996,0.662569996,-0.749
-0.75,0.661437828,0.661437828,-0.75
-0.751,0.660302204,0.660302204,-0.751
-0.752,0.659163106,0.659163106,-0.752
-0.753,0.658020516,0.658020516,-0.753
-0.754,0.656874417,0.656874417,-0.754
-0.755,0.65572479,0.65572479,-0.755
-0.756,0.654571616,0.654571616,-0.756
-0.757,0.653414876,0.653414876,-0.757
-0.758,0.652254552,0.652254552,-0.758
-0.759,0.651090623,0.651090623,-0.759
-0.76,0.649923072,0.649923072,-0.76
-0.761,0.648751879,0.648751879,-0.761
-0.762,0.647577022,0.647577022,-0.762
-0.763,0.646398484,0.646398484,-0.763
-0.764,0.645216243,0.645216243,-0.764
-0.765,0.644030279,0.644030279,-0.765
-0.766,0.642840571,0.642840571,-0.766
-0.767,0.641647099,0.641647099,-0.767
-0.768,0.640449842,0.640449842,-0.768
-0.769,0.639248778,0.639248778,-0.769
-0.77,0.638043886,0.638043886,-0.77
-0.771,0.636835144,0.636835144,-0.771
-0.772,0.635622529,0.635622529,-0.772
-0.773,0.634406021,0.634406021,-0.773
-0.774,0.633185597,0.633185597,-0.774
-0.775,0.631961233,0.631961233,-0.775
-0.776,0.630732907,0.630732907,-0.776
-0.777,0.629500596,0.629500596,-0.777
-0.778,0.628264276,0.628264276,-0.778
-0.779,0.627023923,0.627023923,-0.779
-0.78,0.625779514,0.625779514,-0.78
-0.781,0.624531024,0.624531024,-0.781
-0.782,0.623278429,0.623278429,-0.782
-0.783,0.622021704,0.622021704,-0.783
-0.784,0.620760824,0.620760824,-0.784
-0.785,0.619495763,0.619495763,-0.785
-0.786,0.618226496,0.618226496,-0.786
-0.787,0.616952997,0.616952997,-0.787
-0.788,0.615675239,0.615675239,-0.788
-0.789,0.614393197,0.614393197,-0.789
-0.79,0.613106842,0.613106842,-0.79
-0.791,0.611816149,0.611816149,-0.791
-0.792,0.610521089,0.610521089,-0.792
-0.793,0.609221635,0.609221635,-0.793
-0.794,0.607917758,0.607917758,-0.794
-0.795,0.60660943,0.60660943,-0.795
-0.796,0.605296622,0.605296622,-0.796
-0.797,0.603979304,0.603979304,-0.797
-0.798,0.602657448,0.602657448,-0.798
-0.799,0.601331024,0.601331024,-0.799
-0.8,0.6,0.6,-0.8
-0.801,0.598664347,0.598664347,-0.801
-0.802,0.597324033,0.597324033,-0.802
-0.803,0.595979026,0.595979026,-0.803
-0.804,0.594629296,0.594629296,-0.804
-0.805,0.59327481,0.59327481,-0.805
-0.806,0.591915535,0.591915535,-0.806
-0.807,0.590551437,0.590551437,-0.807
-0.808,0.589182484,0.589182484,-0.808
-0.809,0.587808642,0.587808642,-0.809
-0.81,0.586429876,0.586429876,-0.81
-0.811,0.585046152,0.585046152,-0.811
-0.812,0.583657434,0.583657434,-0.812
-0.813,0.582263686,0.582263686,-0.813
-0.814,0.580864872,0.580864872,-0.814
-0.815,0.579460956,0.579460956,-0.815
-0.816,0.578051901,0.578051901,-0.816
-0.817,0.576637668,0.576637668,-0.817
-0.818,0.575218219,0.575218219,-0.818
-0.819,0.573793517,0.573793517,-0.819
-0.82,0.572363521,0.572363521,-0.82
-0.821,0.570928192,0.570928192,-0.821
-0.822,0.569487489,0.569487489,-0.822
-0.823,0.568041372,0.568041372,-0.823
-0.824,0.566589799,0.566589799,-0.824
-0.825,0.565132728,0.565132728,-0.825
-0.826,0.563670116,0.563670116,-0.826
-0.827,0.562201921,0.562201921,-0.827
-0.828,0.560728098,0.560728098,-0.828
-0.829,0.559248603,0.559248603,-0.829
-0.83,0.557763391,0.557763391,-0.83
-0.831,0.556272415,0.556272415,-0.831
-0.832,0.55477563,0.55477563,-0.832
-0.833,0.553272989,0.553272989,-0.833
-0.834,0.551764442,0.551764442,-0.834
-0.835,0.550249943,0.550249943,-0.835
-0.836,0.548729442,0.548729442,-0.836
-0.837,0.547202887,0.547202887,-0.837
-0.838,0.54567023,0.54567023,-0.838
-0.839,0.544131418,0.544131418,-0.839
-0.84,0.542586399,0.542586399,-0.84
-0.841,0.541035119,0.541035119,-0.841
-0.842,0.539477525,0.539477525,-0.842
-0.843,0.537913562,0.537913562,-0.843
-0.844,0.536343174,0.536343174,-0.844
-0.845,0.534766304,0.534766304,-0.845
-0.846,0.533182895,0.533182895,-0.846
-0.847,0.531592889,0.531592889,-0.847
-0.848,0.529996226,0.529996226,-0.848
-0.849,0.528392846,0.528392846,-0.849
-0.85,0.526782688,0.526782688,-0.85
-0.851,0.525165688,0.525165688,-0.851
-0.852,0.523541784,0.523541784,-0.852
-0.853,0.521910912,0.521910912,-0.853
-0.854,0.520273005,0.520273005,-0.854
-0.855,0.518627998,0.518627998,-0.855
-0.856,0.516975821,0.516975821,-0.856
-0.857,0.515316408,0.515316408,-0.857
-0.858,0.513649686,0.513649686,-0.858
-0.859,0.511975585,0.511975585,-0.859
-0.86,0.510294033,0.510294033,-0.86
-0.861,0.508604955,0.508604955,-0.861
-0.862,0.506908276,0.506908276,-0.862
-0.863,0.505203919,0.505203919,-0.863
-0.864,0.503491807,0.503491807,-0.864
-0.865,0.501771861,0.501771861,-0.865
-0.866,0.500043998,0.500043998,-0.866
-0.867,0.498308138,0.498308138,-0.867
-0.868,0.496564195,0.496564195,-0.868
-0.869,0.494812086,0.494812086,-0.869
-0.87,0.493051721,0.493051721,-0.87
-0.871,0.491283014,0.491283014,-0.871
-0.872,0.489505873,0.489505873,-0.872
-0.873,0.487720207,0.487720207,-0.873
-0.874,0.48592592,0.48592592,-0.874
-0.875,0.484122918,0.484122918,-0.875
-0.876,0.482311103,0.482311103,-0.876
-0.877,0.480490375,0.480490375,-0.877
-0.878,0.478660631,0.478660631,-0.878
-0.879,0.47682177,0.47682177,-0.879
-0.88,0.474973683,0.474973683,-0.88
-0.881,0.473116265,0.473116265,-0.881
-0.882,0.471249403,0.471249403,-0.882
-0.883,0.469372986,0.469372986,-0.883
-0.884,0.467486898,0.467486898,-0.884
-0.885,0.465591022,0.465591022,-0.885
-0.886,0.463685238,0.463685238,-0.886
-0.887,0.461769423,0.461769423,-0.887
-0.888,0.459843452,0.459843452,-0.888
-0.889,0.457907196,0.457907196,-0.889
-0.89,0.455960525,0.455960525,-0.89
-0.891,0.454003304,0.454003304,-0.891
-0.892,0.452035397,0.452035397,-0.892
-0.893,0.450056663,0.450056663,-0.893
-0.894,0.448066959,0.448066959,-0.894
-0.895,0.446066139,0.446066139,-0.895
-0.896,0.444054051,0.444054051,-0.896
-0.897,0.442030542,0.442030542,-0.897
-0.898,0.439995455,0.439995455,-0.898
-0.899,0.437948627,0.437948627,-0.899
-0.9,0.435889894,0.435889894,-0.9
-0.901,0.433819087,0.433819087,-0.901
-0.902,0.43173603,0.43173603,-0.902
-0.903,0.429640547,0.429640547,-0.903
-0.904,0.427532455,0.427532455,-0.904
-0.905,0.425411565,0.425411565,-0.905
-0.906,0.423277687,0.423277687,-0.906
-0.907,0.421130621,0.421130621,-0.907
-0.908,0.418970166,0.418970166,-0.908
-0.909,0.416796113,0.416796113,-0.909
-0.91,0.414608249,0.414608249,-0.91
-0.911,0.412406353,0.412406353,-0.911
-0.912,0.4101902,0.4101902,-0.912
-0.913,0.407959557,0.407959557,-0.913
-0.914,0.405714185,0.405714185,-0.914
-0.915,0.403453839,0.403453839,-0.915
-0.916,0.401178265,0.401178265,-0.916
-0.917,0.398887202,0.398887202,-0.917
-0.918,0.396580383,0.396580383,-0.918
-0.919,0.39425753,0.39425753,-0.919
-0.92,0.391918359,0.391918359,-0.92
-0.921,0.389562575,0.389562575,-0.921
-0.922,0.387189876,0.387189876,-0.922
-0.923,0.384799948,0.384799948,-0.923
-0.924,0.382392469,0.382392469,-0.924
-0.925,0.379967104,0.379967104,-0.925
-0.926,0.377523509,0.377523509,-0.926
-0.927,0.375061328,0.375061328,-0.927
-0.928,0.372580193,0.372580193,-0.928
-0.929,0.370079721,0.370079721,-0.929
-0.93,0.367559519,0.367559519,-0.93
-0.931,0.365019178,0.365019178,-0.931
-0.932,0.362458273,0.362458273,-0.932
-0.933,0.359876368,0.359876368,-0.933
-0.934,0.357273005,0.357273005,-0.934
-0.935,0.354647713,0.354647713,-0.935
-0.936,0.352,0.352,-0.936
-0.937,0.349329357,0.349329357,-0.937
-0.938,0.346635255,0.346635255,-0.938
-0.939,0.343917141,0.343917141,-0.939
-0.94,0.341174442,0.341174442,-0.94
-0.941,0.33840656,0.33840656,-0.941
-0.942,0.335612872,0.335612872,-0.942
-0.943,0.332792728,0.332792728,-0.943
-0.944,0.32994545,0.32994545,-0.944
-0.945,0.327070329,0.327070329,-0.945
-0.946,0.324166624,0.324166624,-0.946
-0.947,0.32123356,0.32123356,-0.947
-0.948,0.318270325,0.318270325,-0.948
-0.949,0.31527607,0.31527607,-0.949
-0.95,0.3122499,0.3122499,-0.95
-0.951,0.30919088,0.30919088,-0.951
-0.952,0.306098024,0.306098024,-0.952
-0.953,0.302970296,0.302970296,-0.953
-0.954,0.299806604,0.299806604,-0.954
-0.955,0.296605799,0.296605799,-0.955
-0.956,0.293366665,0.293366665,-0.956
-0.957,0.290087918,0.290087918,-0.957
-0.958,0.286768199,0.286768199,-0.958
-0.959,0.283406069,0.283406069,-0.959
-0.96,0.28,0.28,-0.96
-0.961,0.276548368,0.276548368,-0.961
-0.962,0.273049446,0.273049446,-0.962
-0.963,0.269501391,0.269501391,-0.963
-0.964,0.265902238,0.265902238,-0.964
-0.965,0.262249881,0.262249881,-0.965
-0.966,0.258542066,0.258542066,-0.966
-0.967,0.254776373,0.254776373,-0.967
-0.968,0.250950194,0.250950194,-0.968
-0.969,0.247060721,0.247060721,-0.969
-0.97,0.243104916,0.243104916,-0.97
-0.971,0.239079485,0.239079485,-0.971
-0.972,0.23498085,0.23498085,-0.972
-0.973,0.230805113,0.230805113,-0.973
-0.974,0.226548008,0.226548008,-0.974
-0.975,0.22220486,0.22220486,-0.975
-0.976,0.217770521,0.217770521,-0.976
-0.977,0.213239302,0.213239302,-0.977
-0.978,0.20860489,0.20860489,-0.978
-0.979,0.203860246,0.203860246,-0.979
-0.98,0.198997487,0.198997487,-0.98
-0.981,0.194007732,0.194007732,-0.981
-0.982,0.188880915,0.188880915,-0.982
-0.983,0.183605555,0.183605555,-0.983
-0.984,0.17816846,0.17816846,-0.984
-0.985,0.172554339,0.172554339,-0.985
-0.986,0.166745315,0.166745315,-0.986
-0.987,0.160720254,0.160720254,-0.987
-0.988,0.154453877,0.154453877,-0.988
-0.989,0.147915516,0.147915516,-0.989
-0.99,0.14106736,0.14106736,-0.99
-0.991,0.133861869,0.133861869,-0.991
-0.992,0.126237871,0.126237871,-0.992
-0.993,0.118114351,0.118114351,-0.993
-0.994,0.109380071,0.109380071,-0.994
-0.995,0.099874922,0.099874922,-0.995
-0.996,0.089353232,0.089353232,-0.996
-0.997,0.07740155,0.07740155,-0.997
-0.998,0.063213923,0.063213923,-0.998
-0.999,0.044710178,0.044710178,-0.999
-1,0,0,-1
